cell_id,centroid_x,centroid_y,elevation_m,rainfall_inches,dist_to_flood_zone_m,in_fema_flood_zone,flooded
1,580749.4956661405,4510056.44322983,1.442964792251587,18.830000000000002,0.0,1,1
2,580749.4956661405,4510106.44322983,1.343903660774231,18.830000000000002,0.0,1,1
4,580749.4956661405,4510206.44322983,1.9245613813400269,18.830000000000002,0.0,1,1
5,580749.4956661405,4510256.44322983,1.2888524532318115,18.830000000000002,0.0,1,1
6,580749.4956661405,4510306.44322983,1.5533643960952759,18.830000000000002,0.0,1,1
7,580749.4956661405,4510356.44322983,2.1418070793151855,18.830000000000002,0.0,1,1
11,580799.4956661405,4510006.44322983,1.6678131818771362,18.830000000000002,0.0,1,1
12,580799.4956661405,4510056.44322983,1.952783226966858,18.830000000000002,0.0,1,1
13,580799.4956661405,4510106.44322983,1.5899863243103027,18.830000000000002,0.0,1,1
14,580799.4956661405,4510156.44322983,1.8208961486816406,18.830000000000002,0.0,1,1
15,580799.4956661405,4510206.44322983,0.8058110475540161,18.830000000000002,0.0,1,1
16,580799.4956661405,4510256.44322983,0.7001855373382568,18.830000000000002,0.0,1,1
17,580799.4956661405,4510306.44322983,1.3401967287063599,18.830000000000002,0.0,1,1
18,580799.4956661405,4510356.44322983,2.008763074874878,18.830000000000002,0.0,1,1
19,580799.4956661405,4510406.44322983,2.3740525245666504,18.830000000000002,0.0,1,1
21,580849.4956661405,4509906.44322983,5.965729713439941,18.830000000000002,10.748417663267913,0,0
22,580849.4956661405,4509956.44322983,1.6698713302612305,18.830000000000002,0.0,1,1
23,580849.4956661405,4510006.44322983,1.1731915473937988,18.830000000000002,0.0,1,1
24,580849.4956661405,4510056.44322983,1.2213119268417358,18.830000000000002,0.0,1,1
25,580849.4956661405,4510106.44322983,1.3723251819610596,18.830000000000002,0.0,1,1
26,580849.4956661405,4510156.44322983,1.2865872383117676,18.830000000000002,0.0,1,1
27,580849.4956661405,4510206.44322983,0.9099674820899963,18.830000000000002,0.0,1,1
28,580849.4956661405,4510256.44322983,1.1257225275039673,18.830000000000002,0.0,1,1
29,580849.4956661405,4510306.44322983,2.9056742191314697,18.830000000000002,0.0,1,1
30,580849.4956661405,4510356.44322983,2.0813148021698,18.830000000000002,0.0,1,1
31,580849.4956661405,4510406.44322983,1.2046313285827637,18.830000000000002,0.0,1,1
32,580849.4956661405,4510456.44322983,1.8864470720291138,18.830000000000002,0.0,1,1
38,580899.4956661405,4509906.44322983,1.7681528329849243,18.830000000000002,0.0,1,1
39,580899.4956661405,4509956.44322983,1.0750786066055298,18.830000000000002,0.0,1,1
40,580899.4956661405,4510006.44322983,1.3452194929122925,18.830000000000002,0.0,1,1
41,580899.4956661405,4510056.44322983,1.0122731924057007,18.830000000000002,0.0,1,1
42,580899.4956661405,4510106.44322983,1.2443852424621582,18.830000000000002,0.0,1,1
43,580899.4956661405,4510156.44322983,1.2912698984146118,18.830000000000002,0.0,1,1
44,580899.4956661405,4510206.44322983,1.4640648365020752,18.830000000000002,0.0,1,1
45,580899.4956661405,4510256.44322983,1.1855158805847168,18.830000000000002,0.0,1,1
46,580899.4956661405,4510306.44322983,0.7582529187202454,18.830000000000002,0.0,1,1
47,580899.4956661405,4510356.44322983,0.8087819814682007,18.830000000000002,0.0,1,1
48,580899.4956661405,4510406.44322983,0.5787246823310852,18.830000000000002,0.0,1,1
49,580899.4956661405,4510456.44322983,1.1725245714187622,18.830000000000002,0.0,1,1
50,580899.4956661405,4510506.44322983,2.060786247253418,18.830000000000002,0.0,1,1
51,580899.4956661405,4510556.44322983,1.9230889081954956,18.830000000000002,0.0,1,1
52,580899.4956661405,4510606.44322983,2.1751396656036377,18.830000000000002,0.0,1,1
53,580899.4956661405,4510656.44322983,2.546804904937744,18.830000000000002,0.0,1,1
54,580899.4956661405,4510706.44322983,1.9470758438110352,18.830000000000002,0.0,1,1
59,580949.4956661405,4509956.44322983,1.4903392791748047,18.830000000000002,0.0,1,1
60,580949.4956661405,4510006.44322983,1.5080697536468506,18.830000000000002,0.0,1,1
61,580949.4956661405,4510056.44322983,1.7765617370605469,18.830000000000002,0.0,1,1
62,580949.4956661405,4510106.44322983,1.5486136674880981,18.830000000000002,0.0,1,1
63,580949.4956661405,4510156.44322983,1.4039702415466309,18.830000000000002,0.0,1,1
64,580949.4956661405,4510206.44322983,1.2904044389724731,18.830000000000002,0.0,1,1
65,580949.4956661405,4510256.44322983,1.1275017261505127,18.830000000000002,0.0,1,1
66,580949.4956661405,4510306.44322983,1.3590539693832397,18.830000000000002,0.0,1,1
67,580949.4956661405,4510356.44322983,1.5437744855880737,18.830000000000002,0.0,1,1
68,580949.4956661405,4510406.44322983,1.0040122270584106,18.830000000000002,0.0,1,1
69,580949.4956661405,4510456.44322983,1.5121734142303467,18.830000000000002,0.0,1,1
70,580949.4956661405,4510506.44322983,1.1745165586471558,18.830000000000002,0.0,1,1
71,580949.4956661405,4510556.44322983,1.029336929321289,18.830000000000002,0.0,1,1
72,580949.4956661405,4510606.44322983,1.7486422061920166,18.830000000000002,0.0,1,1
73,580949.4956661405,4510656.44322983,1.935720682144165,18.830000000000002,0.0,1,1
74,580949.4956661405,4510706.44322983,1.4380477666854858,18.830000000000002,0.0,1,1
75,580949.4956661405,4510756.44322983,2.5130980014801025,18.830000000000002,0.0,1,1
76,580949.4956661405,4510806.44322983,2.3979575634002686,18.830000000000002,0.0,1,1
77,580949.4956661405,4510856.44322983,2.4009814262390137,18.830000000000002,0.0,1,1
80,580999.4956661405,4509956.44322983,1.3260064125061035,18.830000000000002,0.0,1,1
81,580999.4956661405,4510006.44322983,1.2124096155166626,18.830000000000002,0.0,1,1
82,580999.4956661405,4510056.44322983,1.3571600914001465,18.830000000000002,0.0,1,1
83,580999.4956661405,4510106.44322983,1.18447744846344,18.830000000000002,0.0,1,1
84,580999.4956661405,4510156.44322983,1.1614348888397217,18.830000000000002,0.0,1,1
85,580999.4956661405,4510206.44322983,1.2244006395339966,18.830000000000002,0.0,1,1
86,580999.4956661405,4510256.44322983,1.481427788734436,18.830000000000002,0.0,1,1
87,580999.4956661405,4510306.44322983,1.544060468673706,18.830000000000002,0.0,1,1
88,580999.4956661405,4510356.44322983,1.1790040731430054,18.830000000000002,0.0,1,1
89,580999.4956661405,4510406.44322983,1.1841530799865723,18.830000000000002,0.0,1,1
90,580999.4956661405,4510456.44322983,1.631440281867981,18.830000000000002,0.0,1,1
91,580999.4956661405,4510506.44322983,1.0047533512115479,18.830000000000002,0.0,1,1
92,580999.4956661405,4510556.44322983,1.5488286018371582,18.830000000000002,0.0,1,1
93,580999.4956661405,4510606.44322983,1.8635696172714233,18.830000000000002,0.0,1,1
94,580999.4956661405,4510656.44322983,0.9225099682807922,18.830000000000002,0.0,1,1
95,580999.4956661405,4510706.44322983,1.1814905405044556,18.830000000000002,0.0,1,1
96,580999.4956661405,4510756.44322983,1.0913320779800415,18.830000000000002,0.0,1,1
97,580999.4956661405,4510806.44322983,1.8684014081954956,18.830000000000002,0.0,1,1
98,580999.4956661405,4510856.44322983,2.200908899307251,18.830000000000002,0.0,1,1
99,580999.4956661405,4510906.44322983,2.3476080894470215,18.830000000000002,0.0,1,1
103,581049.4956661405,4509956.44322983,1.8329941034317017,18.830000000000002,0.0,1,1
104,581049.4956661405,4510006.44322983,1.622860312461853,18.830000000000002,0.0,1,1
105,581049.4956661405,4510056.44322983,1.636143445968628,18.830000000000002,0.0,1,1
106,581049.4956661405,4510106.44322983,1.279662847518921,18.830000000000002,0.0,1,1
107,581049.4956661405,4510156.44322983,1.4317028522491455,18.830000000000002,0.0,1,1
108,581049.4956661405,4510206.44322983,1.0834124088287354,18.830000000000002,0.0,1,1
109,581049.4956661405,4510256.44322983,1.1838157176971436,18.830000000000002,0.0,1,1
110,581049.4956661405,4510306.44322983,1.632746934890747,18.830000000000002,0.0,1,1
111,581049.4956661405,4510356.44322983,1.6527316570281982,18.830000000000002,0.0,1,1
112,581049.4956661405,4510406.44322983,1.0940091609954834,18.830000000000002,0.0,1,1
113,581049.4956661405,4510456.44322983,2.150510311126709,18.830000000000002,0.0,1,1
114,581049.4956661405,4510506.44322983,1.1044418811798096,18.830000000000002,0.0,1,1
115,581049.4956661405,4510556.44322983,0.947277307510376,18.830000000000002,0.0,1,1
116,581049.4956661405,4510606.44322983,0.9506770372390747,18.830000000000002,0.0,1,1
117,581049.4956661405,4510656.44322983,0.8277058005332947,18.830000000000002,0.0,1,1
118,581049.4956661405,4510706.44322983,1.3507932424545288,18.830000000000002,0.0,1,1
119,581049.4956661405,4510756.44322983,1.3350318670272827,18.830000000000002,0.0,1,1
120,581049.4956661405,4510806.44322983,2.437086582183838,18.830000000000002,0.0,1,1
121,581049.4956661405,4510856.44322983,2.228783130645752,18.830000000000002,0.0,1,1
122,581049.4956661405,4510906.44322983,1.7659062147140503,18.830000000000002,0.0,1,1
123,581049.4956661405,4510956.44322983,1.8189603090286255,18.830000000000002,0.0,1,1
124,581049.4956661405,4511006.44322983,1.7807639837265015,18.830000000000002,0.0,1,1
126,581099.4956661405,4509956.44322983,1.3538092374801636,18.830000000000002,0.0,1,1
127,581099.4956661405,4510006.44322983,1.285294532775879,18.830000000000002,0.0,1,1
128,581099.4956661405,4510056.44322983,1.623921275138855,18.830000000000002,0.0,1,1
129,581099.4956661405,4510106.44322983,1.629807472229004,18.830000000000002,0.0,1,1
130,581099.4956661405,4510156.44322983,1.6409175395965576,18.830000000000002,0.0,1,1
131,581099.4956661405,4510206.44322983,1.4757683277130127,18.830000000000002,0.0,1,1
132,581099.4956661405,4510256.44322983,1.814702033996582,18.830000000000002,0.0,1,1
133,581099.4956661405,4510306.44322983,1.702184796333313,18.830000000000002,0.0,1,1
134,581099.4956661405,4510356.44322983,1.5947716236114502,18.830000000000002,0.0,1,1
135,581099.4956661405,4510406.44322983,1.747890591621399,18.830000000000002,0.0,1,1
136,581099.4956661405,4510456.44322983,1.6322174072265625,18.830000000000002,0.0,1,1
137,581099.4956661405,4510506.44322983,1.4080954790115356,18.830000000000002,0.0,1,1
138,581099.4956661405,4510556.44322983,1.8005530834197998,18.830000000000002,0.0,1,1
139,581099.4956661405,4510606.44322983,1.0842926502227783,18.830000000000002,0.0,1,1
140,581099.4956661405,4510656.44322983,1.1567983627319336,18.830000000000002,0.0,1,1
141,581099.4956661405,4510706.44322983,0.808255136013031,18.830000000000002,0.0,1,1
142,581099.4956661405,4510756.44322983,1.1472779512405396,18.830000000000002,0.0,1,1
143,581099.4956661405,4510806.44322983,1.4934498071670532,18.830000000000002,0.0,1,1
144,581099.4956661405,4510856.44322983,1.131361722946167,18.830000000000002,0.0,1,1
145,581099.4956661405,4510906.44322983,2.3599584102630615,18.830000000000002,0.0,1,1
146,581099.4956661405,4510956.44322983,2.2606661319732666,18.830000000000002,0.0,1,1
147,581099.4956661405,4511006.44322983,2.072671890258789,18.830000000000002,0.0,1,1
148,581099.4956661405,4511056.44322983,2.019758462905884,18.830000000000002,0.0,1,1
149,581099.4956661405,4511106.44322983,1.9764413833618164,18.830000000000002,0.0,1,1
153,581149.4956661405,4509956.44322983,1.6471112966537476,18.830000000000002,0.0,1,1
154,581149.4956661405,4510006.44322983,1.1891398429870605,18.830000000000002,0.0,1,1
155,581149.4956661405,4510056.44322983,1.6077098846435547,18.830000000000002,0.0,1,1
156,581149.4956661405,4510106.44322983,1.4769865274429321,18.830000000000002,0.0,1,1
157,581149.4956661405,4510156.44322983,1.4725761413574219,18.830000000000002,0.0,1,1
158,581149.4956661405,4510206.44322983,1.3278965950012207,18.830000000000002,0.0,1,1
159,581149.4956661405,4510256.44322983,1.1871570348739624,18.830000000000002,0.0,1,1
160,581149.4956661405,4510306.44322983,1.5745747089385986,18.830000000000002,0.0,1,1
161,581149.4956661405,4510356.44322983,1.1557490825653076,18.830000000000002,0.0,1,1
162,581149.4956661405,4510406.44322983,1.4600000381469727,18.830000000000002,0.0,1,1
163,581149.4956661405,4510456.44322983,0.8742255568504333,18.830000000000002,0.0,1,1
164,581149.4956661405,4510506.44322983,1.4477064609527588,18.830000000000002,0.0,1,1
165,581149.4956661405,4510556.44322983,0.6416873931884766,18.830000000000002,0.0,1,1
166,581149.4956661405,4510606.44322983,1.303202509880066,18.830000000000002,0.0,1,1
167,581149.4956661405,4510656.44322983,1.127895712852478,18.830000000000002,0.0,1,1
168,581149.4956661405,4510706.44322983,1.4188365936279297,18.830000000000002,0.0,1,1
169,581149.4956661405,4510756.44322983,1.3470362424850464,18.830000000000002,0.0,1,1
170,581149.4956661405,4510806.44322983,0.5671453475952148,18.830000000000002,0.0,1,1
171,581149.4956661405,4510856.44322983,1.5409117937088013,18.830000000000002,0.0,1,1
172,581149.4956661405,4510906.44322983,1.17750084400177,18.830000000000002,0.0,1,1
173,581149.4956661405,4510956.44322983,1.2133396863937378,18.830000000000002,0.0,1,1
174,581149.4956661405,4511006.44322983,1.158395528793335,18.830000000000002,0.0,1,1
175,581149.4956661405,4511056.44322983,1.3639955520629883,18.830000000000002,0.0,1,1
176,581149.4956661405,4511106.44322983,1.232069492340088,18.830000000000002,0.0,1,1
177,581149.4956661405,4511156.44322983,1.2509030103683472,18.830000000000002,0.0,1,1
178,581149.4956661405,4511206.44322983,2.082634449005127,18.830000000000002,0.0,1,1
179,581149.4956661405,4511256.44322983,3.1527597904205322,18.830000000000002,0.0,1,1
183,581199.4956661405,4509956.44322983,2.1167333126068115,18.830000000000002,0.0,1,1
184,581199.4956661405,4510006.44322983,1.3302586078643799,18.830000000000002,0.0,1,1
185,581199.4956661405,4510056.44322983,1.584141731262207,18.830000000000002,0.0,1,1
186,581199.4956661405,4510106.44322983,1.713651180267334,18.830000000000002,0.0,1,1
187,581199.4956661405,4510156.44322983,1.2612625360488892,18.830000000000002,0.0,1,1
188,581199.4956661405,4510206.44322983,1.2704079151153564,18.830000000000002,0.0,1,1
189,581199.4956661405,4510256.44322983,1.3288661241531372,18.830000000000002,0.0,1,1
190,581199.4956661405,4510306.44322983,1.3638139963150024,18.830000000000002,0.0,1,1
191,581199.4956661405,4510356.44322983,1.389447569847107,18.830000000000002,0.0,1,1
192,581199.4956661405,4510406.44322983,1.6452206373214722,18.830000000000002,0.0,1,1
193,581199.4956661405,4510456.44322983,1.6026264429092407,18.830000000000002,0.0,1,1
194,581199.4956661405,4510506.44322983,1.237286925315857,18.830000000000002,0.0,1,1
195,581199.4956661405,4510556.44322983,1.3995035886764526,18.830000000000002,0.0,1,1
196,581199.4956661405,4510606.44322983,1.3202248811721802,18.830000000000002,0.0,1,1
197,581199.4956661405,4510656.44322983,1.2211177349090576,18.830000000000002,0.0,1,1
198,581199.4956661405,4510706.44322983,0.5806676745414734,18.830000000000002,0.0,1,1
199,581199.4956661405,4510756.44322983,1.2585508823394775,18.830000000000002,0.0,1,1
200,581199.4956661405,4510806.44322983,1.1852753162384033,18.830000000000002,0.0,1,1
201,581199.4956661405,4510856.44322983,1.4510507583618164,18.830000000000002,0.0,1,1
202,581199.4956661405,4510906.44322983,1.2298777103424072,18.830000000000002,0.0,1,1
203,581199.4956661405,4510956.44322983,1.571058750152588,18.830000000000002,0.0,1,1
204,581199.4956661405,4511006.44322983,1.5728552341461182,18.830000000000002,0.0,1,1
205,581199.4956661405,4511056.44322983,1.4719008207321167,18.830000000000002,0.0,1,1
206,581199.4956661405,4511106.44322983,1.8002840280532837,18.830000000000002,0.0,1,1
207,581199.4956661405,4511156.44322983,1.638219952583313,18.830000000000002,0.0,1,1
208,581199.4956661405,4511206.44322983,1.4032611846923828,18.830000000000002,0.0,1,1
209,581199.4956661405,4511256.44322983,1.630098819732666,18.830000000000002,0.0,1,1
210,581199.4956661405,4511306.44322983,1.7538440227508545,18.830000000000002,0.0,1,1
211,581199.4956661405,4511356.44322983,1.8462282419204712,18.830000000000002,0.0,1,1
212,581199.4956661405,4511406.44322983,3.2871129512786865,18.830000000000002,0.0,1,1
214,581249.4956661405,4509906.44322983,2.7170960903167725,18.830000000000002,0.0,1,1
215,581249.4956661405,4509956.44322983,1.5026410818099976,18.830000000000002,0.0,1,1
216,581249.4956661405,4510006.44322983,1.3754363059997559,18.830000000000002,0.0,1,1
217,581249.4956661405,4510056.44322983,1.3635361194610596,18.830000000000002,0.0,1,1
218,581249.4956661405,4510106.44322983,1.4452804327011108,18.830000000000002,0.0,1,1
219,581249.4956661405,4510156.44322983,1.3093632459640503,18.830000000000002,0.0,1,1
220,581249.4956661405,4510206.44322983,1.169416904449463,18.830000000000002,0.0,1,1
221,581249.4956661405,4510256.44322983,1.763379693031311,18.830000000000002,0.0,1,1
222,581249.4956661405,4510306.44322983,1.4189249277114868,18.830000000000002,0.0,1,1
223,581249.4956661405,4510356.44322983,1.260968565940857,18.830000000000002,0.0,1,1
224,581249.4956661405,4510406.44322983,1.5788387060165405,18.830000000000002,0.0,1,1
225,581249.4956661405,4510456.44322983,1.0277601480484009,18.830000000000002,0.0,1,1
226,581249.4956661405,4510506.44322983,1.2421079874038696,18.830000000000002,0.0,1,1
227,581249.4956661405,4510556.44322983,0.8612738251686096,18.830000000000002,0.0,1,1
228,581249.4956661405,4510606.44322983,1.7416845560073853,18.830000000000002,0.0,1,1
229,581249.4956661405,4510656.44322983,1.4076000452041626,18.830000000000002,0.0,1,1
230,581249.4956661405,4510706.44322983,1.0946259498596191,18.830000000000002,0.0,1,1
231,581249.4956661405,4510756.44322983,1.1518572568893433,18.830000000000002,0.0,1,1
232,581249.4956661405,4510806.44322983,1.9031281471252441,18.830000000000002,0.0,1,1
233,581249.4956661405,4510856.44322983,1.971908450126648,18.830000000000002,0.0,1,1
234,581249.4956661405,4510906.44322983,1.025033950805664,18.830000000000002,0.0,1,1
235,581249.4956661405,4510956.44322983,1.6772229671478271,18.830000000000002,0.0,1,1
236,581249.4956661405,4511006.44322983,1.7120879888534546,18.830000000000002,0.0,1,1
237,581249.4956661405,4511056.44322983,1.5095794200897217,18.830000000000002,0.0,1,1
238,581249.4956661405,4511106.44322983,1.5777134895324707,18.830000000000002,0.0,1,1
239,581249.4956661405,4511156.44322983,1.4202643632888794,18.830000000000002,0.0,1,1
240,581249.4956661405,4511206.44322983,0.8389391303062439,18.830000000000002,0.0,1,1
241,581249.4956661405,4511256.44322983,0.6315804123878479,18.830000000000002,0.0,1,1
242,581249.4956661405,4511306.44322983,1.0076422691345215,18.830000000000002,0.0,1,1
243,581249.4956661405,4511356.44322983,1.203229546546936,18.830000000000002,0.0,1,1
244,581249.4956661405,4511406.44322983,1.9151675701141357,18.830000000000002,0.0,1,1
245,581249.4956661405,4511456.44322983,2.079002857208252,18.830000000000002,0.0,1,1
246,581249.4956661405,4511506.44322983,3.118286609649658,18.830000000000002,0.0,1,1
249,581299.4956661405,4509906.44322983,2.3767735958099365,18.830000000000002,0.0,1,1
250,581299.4956661405,4509956.44322983,1.4371556043624878,18.830000000000002,0.0,1,1
251,581299.4956661405,4510006.44322983,2.4017515182495117,18.830000000000002,0.0,1,1
252,581299.4956661405,4510056.44322983,1.2525707483291626,18.830000000000002,0.0,1,1
253,581299.4956661405,4510106.44322983,1.1567789316177368,18.830000000000002,0.0,1,1
254,581299.4956661405,4510156.44322983,1.3506879806518555,18.830000000000002,0.0,1,1
255,581299.4956661405,4510206.44322983,1.4852409362792969,18.830000000000002,0.0,1,1
256,581299.4956661405,4510256.44322983,1.3549665212631226,18.830000000000002,0.0,1,1
257,581299.4956661405,4510306.44322983,1.2727138996124268,18.830000000000002,0.0,1,1
258,581299.4956661405,4510356.44322983,1.3273671865463257,18.830000000000002,0.0,1,1
259,581299.4956661405,4510406.44322983,2.067145586013794,18.830000000000002,0.0,1,1
260,581299.4956661405,4510456.44322983,1.4243613481521606,18.830000000000002,0.0,1,1
261,581299.4956661405,4510506.44322983,1.8640941381454468,18.830000000000002,0.0,1,1
262,581299.4956661405,4510556.44322983,1.9469062089920044,18.830000000000002,0.0,1,1
263,581299.4956661405,4510606.44322983,1.1495730876922607,18.830000000000002,0.0,1,1
264,581299.4956661405,4510656.44322983,1.6139658689498901,18.830000000000002,0.0,1,1
265,581299.4956661405,4510706.44322983,2.0895273685455322,18.830000000000002,0.0,1,1
266,581299.4956661405,4510756.44322983,1.8499913215637207,18.830000000000002,0.0,1,1
267,581299.4956661405,4510806.44322983,1.5612419843673706,18.830000000000002,0.0,1,1
268,581299.4956661405,4510856.44322983,1.0479460954666138,18.830000000000002,0.0,1,1
269,581299.4956661405,4510906.44322983,1.746855616569519,18.830000000000002,0.0,1,1
270,581299.4956661405,4510956.44322983,1.887538194656372,18.830000000000002,0.0,1,1
271,581299.4956661405,4511006.44322983,1.4668354988098145,18.830000000000002,0.0,1,1
272,581299.4956661405,4511056.44322983,1.3100332021713257,18.830000000000002,0.0,1,1
273,581299.4956661405,4511106.44322983,1.481099009513855,18.830000000000002,0.0,1,1
274,581299.4956661405,4511156.44322983,1.2886826992034912,18.830000000000002,0.0,1,1
275,581299.4956661405,4511206.44322983,1.5876247882843018,18.830000000000002,0.0,1,1
276,581299.4956661405,4511256.44322983,1.9032710790634155,18.830000000000002,0.0,1,1
277,581299.4956661405,4511306.44322983,1.3427892923355103,18.830000000000002,0.0,1,1
278,581299.4956661405,4511356.44322983,1.0561712980270386,18.830000000000002,0.0,1,1
279,581299.4956661405,4511406.44322983,1.2168909311294556,18.830000000000002,0.0,1,1
280,581299.4956661405,4511456.44322983,1.6768907308578491,18.830000000000002,0.0,1,1
281,581299.4956661405,4511506.44322983,1.9902690649032593,18.830000000000002,0.0,1,1
282,581299.4956661405,4511556.44322983,1.8630157709121704,18.830000000000002,0.0,1,1
283,581299.4956661405,4511606.44322983,1.6492830514907837,18.830000000000002,0.0,1,1
286,581349.4956661405,4509906.44322983,1.9197487831115723,18.830000000000002,0.0,1,1
287,581349.4956661405,4509956.44322983,1.3656309843063354,18.830000000000002,0.0,1,1
288,581349.4956661405,4510006.44322983,1.3200569152832031,18.830000000000002,0.0,1,1
289,581349.4956661405,4510056.44322983,1.449035882949829,18.830000000000002,0.0,1,1
290,581349.4956661405,4510106.44322983,1.1243417263031006,18.830000000000002,0.0,1,1
291,581349.4956661405,4510156.44322983,1.321805715560913,18.830000000000002,0.0,1,1
292,581349.4956661405,4510206.44322983,1.372987985610962,18.830000000000002,0.0,1,1
293,581349.4956661405,4510256.44322983,1.2240756750106812,18.830000000000002,0.0,1,1
294,581349.4956661405,4510306.44322983,1.2898026704788208,18.830000000000002,0.0,1,1
295,581349.4956661405,4510356.44322983,1.0328127145767212,18.830000000000002,0.0,1,1
296,581349.4956661405,4510406.44322983,1.410088062286377,18.830000000000002,0.0,1,1
297,581349.4956661405,4510456.44322983,1.1327770948410034,18.830000000000002,0.0,1,1
298,581349.4956661405,4510506.44322983,1.6707842350006104,18.830000000000002,0.0,1,1
299,581349.4956661405,4510556.44322983,1.5862267017364502,18.830000000000002,0.0,1,1
300,581349.4956661405,4510606.44322983,1.3729113340377808,18.830000000000002,0.0,1,1
301,581349.4956661405,4510656.44322983,0.8583623170852661,18.830000000000002,0.0,1,1
302,581349.4956661405,4510706.44322983,1.7092424631118774,18.830000000000002,0.0,1,1
303,581349.4956661405,4510756.44322983,1.104150414466858,18.830000000000002,0.0,1,1
304,581349.4956661405,4510806.44322983,1.6092098951339722,18.830000000000002,0.0,1,1
305,581349.4956661405,4510856.44322983,1.3701893091201782,18.830000000000002,0.0,1,1
306,581349.4956661405,4510906.44322983,1.3774973154067993,18.830000000000002,0.0,1,1
307,581349.4956661405,4510956.44322983,1.5307835340499878,18.830000000000002,0.0,1,1
308,581349.4956661405,4511006.44322983,2.044807195663452,18.830000000000002,0.0,1,1
309,581349.4956661405,4511056.44322983,2.0483949184417725,18.830000000000002,0.0,1,1
310,581349.4956661405,4511106.44322983,1.8949298858642578,18.830000000000002,0.0,1,1
311,581349.4956661405,4511156.44322983,1.659626841545105,18.830000000000002,0.0,1,1
312,581349.4956661405,4511206.44322983,1.523573637008667,18.830000000000002,0.0,1,1
313,581349.4956661405,4511256.44322983,1.5016628503799438,18.830000000000002,0.0,1,1
314,581349.4956661405,4511306.44322983,0.7369115948677063,18.830000000000002,0.0,1,1
315,581349.4956661405,4511356.44322983,1.0561602115631104,18.830000000000002,0.0,1,1
316,581349.4956661405,4511406.44322983,1.2105019092559814,18.830000000000002,0.0,1,1
317,581349.4956661405,4511456.44322983,1.2592400312423706,18.830000000000002,0.0,1,1
318,581349.4956661405,4511506.44322983,1.688200831413269,18.830000000000002,0.0,1,1
319,581349.4956661405,4511556.44322983,1.439047932624817,18.830000000000002,0.0,1,1
320,581349.4956661405,4511606.44322983,1.6446136236190796,18.830000000000002,0.0,1,1
321,581349.4956661405,4511656.44322983,1.607973575592041,18.830000000000002,0.0,1,1
322,581349.4956661405,4511706.44322983,1.2925446033477783,18.830000000000002,0.0,1,1
326,581399.4956661405,4509856.44322983,3.121516227722168,18.830000000000002,0.0,1,1
327,581399.4956661405,4509906.44322983,1.79163658618927,18.830000000000002,0.0,1,1
328,581399.4956661405,4509956.44322983,1.2449791431427002,18.830000000000002,0.0,1,1
329,581399.4956661405,4510006.44322983,1.482840895652771,18.830000000000002,0.0,1,1
330,581399.4956661405,4510056.44322983,1.2084646224975586,18.830000000000002,0.0,1,1
331,581399.4956661405,4510106.44322983,1.1344271898269653,18.830000000000002,0.0,1,1
332,581399.4956661405,4510156.44322983,1.2686550617218018,18.830000000000002,0.0,1,1
333,581399.4956661405,4510206.44322983,1.3262983560562134,18.830000000000002,0.0,1,1
334,581399.4956661405,4510256.44322983,1.3600000143051147,18.830000000000002,0.0,1,1
335,581399.4956661405,4510306.44322983,1.0360169410705566,18.830000000000002,0.0,1,1
336,581399.4956661405,4510356.44322983,1.1277127265930176,18.830000000000002,0.0,1,1
337,581399.4956661405,4510406.44322983,1.444301724433899,18.830000000000002,0.0,1,1
338,581399.4956661405,4510456.44322983,1.2012375593185425,18.830000000000002,0.0,1,1
339,581399.4956661405,4510506.44322983,2.251500129699707,18.830000000000002,0.0,1,1
340,581399.4956661405,4510556.44322983,1.5366125106811523,18.830000000000002,0.0,1,1
341,581399.4956661405,4510606.44322983,1.3464224338531494,18.830000000000002,0.0,1,1
342,581399.4956661405,4510656.44322983,0.9349959492683411,18.830000000000002,0.0,1,1
343,581399.4956661405,4510706.44322983,1.5459117889404297,18.830000000000002,0.0,1,1
344,581399.4956661405,4510756.44322983,1.86662757396698,18.830000000000002,0.0,1,1
345,581399.4956661405,4510806.44322983,1.5228095054626465,18.830000000000002,0.0,1,1
346,581399.4956661405,4510856.44322983,1.4472078084945679,18.830000000000002,0.0,1,1
347,581399.4956661405,4510906.44322983,1.6204544305801392,18.830000000000002,0.0,1,1
348,581399.4956661405,4510956.44322983,2.135270833969116,18.830000000000002,0.0,1,1
349,581399.4956661405,4511006.44322983,1.706072211265564,18.830000000000002,0.0,1,1
350,581399.4956661405,4511056.44322983,1.6800247430801392,18.830000000000002,0.0,1,1
351,581399.4956661405,4511106.44322983,1.7116315364837646,18.830000000000002,0.0,1,1
352,581399.4956661405,4511156.44322983,1.6899950504302979,18.830000000000002,0.0,1,1
353,581399.4956661405,4511206.44322983,1.9181956052780151,18.830000000000002,0.0,1,1
354,581399.4956661405,4511256.44322983,1.7414504289627075,18.830000000000002,0.0,1,1
355,581399.4956661405,4511306.44322983,1.3233387470245361,18.830000000000002,0.0,1,1
356,581399.4956661405,4511356.44322983,1.5505436658859253,18.830000000000002,0.0,1,1
357,581399.4956661405,4511406.44322983,1.2528371810913086,18.830000000000002,0.0,1,1
358,581399.4956661405,4511456.44322983,1.293742060661316,18.830000000000002,0.0,1,1
359,581399.4956661405,4511506.44322983,1.5615414381027222,18.830000000000002,0.0,1,1
360,581399.4956661405,4511556.44322983,1.4865853786468506,18.830000000000002,0.0,1,1
361,581399.4956661405,4511606.44322983,1.3299052715301514,18.830000000000002,0.0,1,1
362,581399.4956661405,4511656.44322983,1.1201545000076294,18.830000000000002,0.0,1,1
363,581399.4956661405,4511706.44322983,1.47328519821167,18.830000000000002,0.0,1,1
364,581399.4956661405,4511756.44322983,1.9112956523895264,18.830000000000002,0.0,1,1
365,581399.4956661405,4511806.44322983,1.7766451835632324,18.830000000000002,0.0,1,1
366,581399.4956661405,4511856.44322983,2.71152400970459,18.830000000000002,16.45531281364152,0,0
369,581449.4956661405,4509856.44322983,2.368864059448242,18.830000000000002,0.0,1,1
370,581449.4956661405,4509906.44322983,1.332297682762146,18.830000000000002,0.0,1,1
371,581449.4956661405,4509956.44322983,1.5092264413833618,18.830000000000002,0.0,1,1
372,581449.4956661405,4510006.44322983,1.555565595626831,18.830000000000002,0.0,1,1
373,581449.4956661405,4510056.44322983,1.2027331590652466,18.830000000000002,0.0,1,1
374,581449.4956661405,4510106.44322983,1.6657154560089111,18.830000000000002,0.0,1,1
375,581449.4956661405,4510156.44322983,1.1180944442749023,18.830000000000002,0.0,1,1
376,581449.4956661405,4510206.44322983,1.2394614219665527,18.830000000000002,0.0,1,1
377,581449.4956661405,4510256.44322983,1.1634604930877686,18.830000000000002,0.0,1,1
378,581449.4956661405,4510306.44322983,1.181679606437683,18.830000000000002,0.0,1,1
379,581449.4956661405,4510356.44322983,1.1920220851898193,18.830000000000002,0.0,1,1
380,581449.4956661405,4510406.44322983,1.398726224899292,18.830000000000002,0.0,1,1
381,581449.4956661405,4510456.44322983,1.4309585094451904,18.830000000000002,0.0,1,1
382,581449.4956661405,4510506.44322983,0.5162740349769592,18.830000000000002,0.0,1,1
383,581449.4956661405,4510556.44322983,1.5136200189590454,18.830000000000002,0.0,1,1
384,581449.4956661405,4510606.44322983,1.4960287809371948,18.830000000000002,0.0,1,1
385,581449.4956661405,4510656.44322983,0.904292106628418,18.830000000000002,0.0,1,1
386,581449.4956661405,4510706.44322983,1.616417407989502,18.830000000000002,0.0,1,1
387,581449.4956661405,4510756.44322983,1.9324140548706055,18.830000000000002,0.0,1,1
388,581449.4956661405,4510806.44322983,1.1218395233154297,18.830000000000002,0.0,1,1
389,581449.4956661405,4510856.44322983,1.6261941194534302,18.830000000000002,0.0,1,1
390,581449.4956661405,4510906.44322983,2.232306480407715,18.830000000000002,0.0,1,1
391,581449.4956661405,4510956.44322983,1.5839112997055054,18.830000000000002,0.0,1,1
392,581449.4956661405,4511006.44322983,1.6187629699707031,18.830000000000002,0.0,1,1
393,581449.4956661405,4511056.44322983,1.7568156719207764,18.830000000000002,0.0,1,1
394,581449.4956661405,4511106.44322983,1.6814402341842651,18.830000000000002,0.0,1,1
395,581449.4956661405,4511156.44322983,1.9638347625732422,18.830000000000002,0.0,1,1
396,581449.4956661405,4511206.44322983,2.1778311729431152,18.830000000000002,0.0,1,1
397,581449.4956661405,4511256.44322983,2.052917003631592,18.830000000000002,0.0,1,1
398,581449.4956661405,4511306.44322983,1.8387588262557983,18.830000000000002,0.0,1,1
399,581449.4956661405,4511356.44322983,1.8833668231964111,18.830000000000002,0.0,1,1
400,581449.4956661405,4511406.44322983,1.666056752204895,18.830000000000002,0.0,1,1
401,581449.4956661405,4511456.44322983,1.9124513864517212,18.830000000000002,0.0,1,1
402,581449.4956661405,4511506.44322983,2.0490543842315674,18.830000000000002,0.0,1,1
403,581449.4956661405,4511556.44322983,1.4283957481384277,18.830000000000002,0.0,1,1
404,581449.4956661405,4511606.44322983,1.3946261405944824,18.830000000000002,0.0,1,1
405,581449.4956661405,4511656.44322983,1.3527802228927612,18.830000000000002,0.0,1,1
406,581449.4956661405,4511706.44322983,1.3774336576461792,18.830000000000002,0.0,1,1
407,581449.4956661405,4511756.44322983,1.6715593338012695,18.830000000000002,0.0,1,1
408,581449.4956661405,4511806.44322983,2.19586443901062,18.830000000000002,0.0,1,1
409,581449.4956661405,4511856.44322983,2.237266778945923,18.830000000000002,0.0,1,1
410,581449.4956661405,4511906.44322983,1.7228211164474487,18.830000000000002,0.0,1,1
411,581449.4956661405,4511956.44322983,2.0419044494628906,18.830000000000002,12.664919495435036,0,0
414,581499.4956661405,4509806.44322983,3.4707860946655273,18.830000000000002,0.0,1,1
415,581499.4956661405,4509856.44322983,2.4321961402893066,18.830000000000002,0.0,1,1
416,581499.4956661405,4509906.44322983,1.2839945554733276,18.830000000000002,0.0,1,1
417,581499.4956661405,4509956.44322983,1.3157967329025269,18.830000000000002,0.0,1,1
418,581499.4956661405,4510006.44322983,0.9964890480041504,18.830000000000002,0.0,1,1
419,581499.4956661405,4510056.44322983,0.8738157153129578,18.830000000000002,0.0,1,1
420,581499.4956661405,4510106.44322983,2.1601593494415283,18.830000000000002,0.0,1,1
421,581499.4956661405,4510156.44322983,1.2691700458526611,18.830000000000002,0.0,1,1
422,581499.4956661405,4510206.44322983,1.9600378274917603,18.830000000000002,0.0,1,1
423,581499.4956661405,4510256.44322983,0.7662229537963867,18.830000000000002,0.0,1,1
424,581499.4956661405,4510306.44322983,1.1380029916763306,18.830000000000002,0.0,1,1
425,581499.4956661405,4510356.44322983,1.408263087272644,18.830000000000002,0.0,1,1
426,581499.4956661405,4510406.44322983,1.098522424697876,18.830000000000002,0.0,1,1
427,581499.4956661405,4510456.44322983,1.3784754276275635,18.830000000000002,0.0,1,1
428,581499.4956661405,4510506.44322983,1.4279050827026367,18.830000000000002,0.0,1,1
429,581499.4956661405,4510556.44322983,1.4881941080093384,18.830000000000002,0.0,1,1
430,581499.4956661405,4510606.44322983,1.706705093383789,18.830000000000002,0.0,1,1
431,581499.4956661405,4510656.44322983,1.6695635318756104,18.830000000000002,0.0,1,1
432,581499.4956661405,4510706.44322983,2.1308655738830566,18.830000000000002,0.0,1,1
433,581499.4956661405,4510756.44322983,1.9276773929595947,18.830000000000002,0.0,1,1
434,581499.4956661405,4510806.44322983,1.6885868310928345,18.830000000000002,0.0,1,1
435,581499.4956661405,4510856.44322983,1.6226035356521606,18.830000000000002,0.0,1,1
436,581499.4956661405,4510906.44322983,1.0830106735229492,18.830000000000002,0.0,1,1
437,581499.4956661405,4510956.44322983,1.6006537675857544,18.830000000000002,0.0,1,1
438,581499.4956661405,4511006.44322983,1.6988993883132935,18.830000000000002,0.0,1,1
439,581499.4956661405,4511056.44322983,1.6463359594345093,18.830000000000002,0.0,1,1
440,581499.4956661405,4511106.44322983,1.7585877180099487,18.830000000000002,0.0,1,1
441,581499.4956661405,4511156.44322983,1.71830153465271,18.830000000000002,0.0,1,1
442,581499.4956661405,4511206.44322983,2.0766921043395996,18.830000000000002,0.0,1,1
443,581499.4956661405,4511256.44322983,2.0143158435821533,18.830000000000002,0.0,1,1
444,581499.4956661405,4511306.44322983,2.022702693939209,18.830000000000002,0.0,1,1
445,581499.4956661405,4511356.44322983,2.301957845687866,18.830000000000002,0.0,1,1
446,581499.4956661405,4511406.44322983,2.1346476078033447,18.830000000000002,0.0,1,1
447,581499.4956661405,4511456.44322983,2.0295188426971436,18.830000000000002,0.0,1,1
448,581499.4956661405,4511506.44322983,1.8121631145477295,18.830000000000002,0.0,1,1
449,581499.4956661405,4511556.44322983,1.561279296875,18.830000000000002,0.0,1,1
450,581499.4956661405,4511606.44322983,1.7885558605194092,18.830000000000002,0.0,1,1
451,581499.4956661405,4511656.44322983,1.5423027276992798,18.830000000000002,0.0,1,1
452,581499.4956661405,4511706.44322983,1.3399732112884521,18.830000000000002,0.0,1,1
453,581499.4956661405,4511756.44322983,1.1608145236968994,18.830000000000002,0.0,1,1
454,581499.4956661405,4511806.44322983,1.1242824792861938,18.830000000000002,0.0,1,1
455,581499.4956661405,4511856.44322983,1.2921090126037598,18.830000000000002,0.0,1,1
456,581499.4956661405,4511906.44322983,1.2707115411758423,18.830000000000002,0.0,1,1
457,581499.4956661405,4511956.44322983,1.1496446132659912,18.830000000000002,0.0,1,1
458,581499.4956661405,4512006.44322983,1.447322130203247,18.830000000000002,0.0,1,1
459,581499.4956661405,4512056.44322983,1.4654605388641357,18.830000000000002,8.87452617722856,0,0
463,581549.4956661405,4509806.44322983,2.986210823059082,18.830000000000002,0.0,1,1
464,581549.4956661405,4509856.44322983,2.210446357727051,18.830000000000002,0.0,1,1
465,581549.4956661405,4509906.44322983,1.3695447444915771,18.830000000000002,0.0,1,1
466,581549.4956661405,4509956.44322983,1.6034516096115112,18.830000000000002,0.0,1,1
467,581549.4956661405,4510006.44322983,1.198001503944397,18.830000000000002,0.0,1,1
468,581549.4956661405,4510056.44322983,1.1444718837738037,18.830000000000002,0.0,1,1
469,581549.4956661405,4510106.44322983,1.3237462043762207,18.830000000000002,0.0,1,1
470,581549.4956661405,4510156.44322983,1.0547398328781128,18.830000000000002,0.0,1,1
471,581549.4956661405,4510206.44322983,1.5794825553894043,18.830000000000002,0.0,1,1
472,581549.4956661405,4510256.44322983,1.231990933418274,18.830000000000002,0.0,1,1
473,581549.4956661405,4510306.44322983,1.3560594320297241,18.830000000000002,0.0,1,1
474,581549.4956661405,4510356.44322983,1.395298719406128,18.830000000000002,0.0,1,1
475,581549.4956661405,4510406.44322983,1.740905523300171,18.830000000000002,0.0,1,1
476,581549.4956661405,4510456.44322983,1.6266940832138062,18.830000000000002,0.0,1,1
477,581549.4956661405,4510506.44322983,1.7996009588241577,18.830000000000002,0.0,1,1
478,581549.4956661405,4510556.44322983,1.4583219289779663,18.830000000000002,0.0,1,1
479,581549.4956661405,4510606.44322983,1.6451281309127808,18.830000000000002,0.0,1,1
480,581549.4956661405,4510656.44322983,1.6425955295562744,18.830000000000002,0.0,1,1
481,581549.4956661405,4510706.44322983,1.8089535236358643,18.830000000000002,0.0,1,1
482,581549.4956661405,4510756.44322983,1.9856168031692505,18.830000000000002,0.0,1,1
483,581549.4956661405,4510806.44322983,1.664319634437561,18.830000000000002,0.0,1,1
484,581549.4956661405,4510856.44322983,1.962642788887024,18.830000000000002,0.0,1,1
485,581549.4956661405,4510906.44322983,1.7523853778839111,18.830000000000002,0.0,1,1
486,581549.4956661405,4510956.44322983,1.818157434463501,18.830000000000002,0.0,1,1
487,581549.4956661405,4511006.44322983,1.7117435932159424,18.830000000000002,0.0,1,1
488,581549.4956661405,4511056.44322983,2.016786575317383,18.830000000000002,0.0,1,1
489,581549.4956661405,4511106.44322983,1.8930855989456177,18.830000000000002,0.0,1,1
490,581549.4956661405,4511156.44322983,2.665308952331543,18.830000000000002,0.0,1,1
491,581549.4956661405,4511206.44322983,2.40970516204834,18.830000000000002,0.0,1,1
492,581549.4956661405,4511256.44322983,2.2906675338745117,18.830000000000002,0.0,1,1
493,581549.4956661405,4511306.44322983,2.581998825073242,18.830000000000002,0.0,1,1
494,581549.4956661405,4511356.44322983,2.154850721359253,18.830000000000002,0.0,1,1
495,581549.4956661405,4511406.44322983,2.1677796840667725,18.830000000000002,0.0,1,1
496,581549.4956661405,4511456.44322983,2.136380434036255,18.830000000000002,0.0,1,1
497,581549.4956661405,4511506.44322983,1.644601583480835,18.830000000000002,0.0,1,1
498,581549.4956661405,4511556.44322983,1.8408982753753662,18.830000000000002,0.0,1,1
499,581549.4956661405,4511606.44322983,2.0299036502838135,18.830000000000002,0.0,1,1
500,581549.4956661405,4511656.44322983,1.6045629978179932,18.830000000000002,0.0,1,1
501,581549.4956661405,4511706.44322983,1.3232204914093018,18.830000000000002,0.0,1,1
502,581549.4956661405,4511756.44322983,1.4346657991409302,18.830000000000002,0.0,1,1
503,581549.4956661405,4511806.44322983,0.9256270527839661,18.830000000000002,0.0,1,1
504,581549.4956661405,4511856.44322983,1.3348991870880127,18.830000000000002,0.0,1,1
505,581549.4956661405,4511906.44322983,1.3203725814819336,18.830000000000002,0.0,1,1
506,581549.4956661405,4511956.44322983,1.6116279363632202,18.830000000000002,0.0,1,1
507,581549.4956661405,4512006.44322983,1.0588171482086182,18.830000000000002,0.0,1,1
508,581549.4956661405,4512056.44322983,1.1151654720306396,18.830000000000002,0.0,1,1
509,581549.4956661405,4512106.44322983,1.5701947212219238,18.830000000000002,0.0,1,1
510,581549.4956661405,4512156.44322983,1.5564566850662231,18.830000000000002,5.084132859022082,0,0
514,581599.4956661405,4509806.44322983,2.2391464710235596,18.830000000000002,0.0,1,1
515,581599.4956661405,4509856.44322983,1.983929991722107,18.830000000000002,0.0,1,1
516,581599.4956661405,4509906.44322983,1.4987170696258545,18.830000000000002,0.0,1,1
517,581599.4956661405,4509956.44322983,2.153658628463745,18.830000000000002,0.0,1,1
518,581599.4956661405,4510006.44322983,2.2507200241088867,18.830000000000002,0.0,1,1
519,581599.4956661405,4510056.44322983,0.9787483215332031,18.830000000000002,0.0,1,1
520,581599.4956661405,4510106.44322983,0.8379107117652893,18.830000000000002,0.0,1,1
521,581599.4956661405,4510156.44322983,1.413422703742981,18.830000000000002,0.0,1,1
522,581599.4956661405,4510206.44322983,1.7745805978775024,18.830000000000002,0.0,1,1
523,581599.4956661405,4510256.44322983,1.5226198434829712,18.830000000000002,0.0,1,1
524,581599.4956661405,4510306.44322983,1.8007822036743164,18.830000000000002,0.0,1,1
525,581599.4956661405,4510356.44322983,1.774047613143921,18.830000000000002,0.0,1,1
526,581599.4956661405,4510406.44322983,1.3354144096374512,18.830000000000002,0.0,1,1
527,581599.4956661405,4510456.44322983,1.4919646978378296,18.830000000000002,0.0,1,1
528,581599.4956661405,4510506.44322983,1.8300000429153442,18.830000000000002,0.0,1,1
529,581599.4956661405,4510556.44322983,1.4951918125152588,18.830000000000002,0.0,1,1
530,581599.4956661405,4510606.44322983,2.2249081134796143,18.830000000000002,0.0,1,1
531,581599.4956661405,4510656.44322983,1.6085115671157837,18.830000000000002,0.0,1,1
532,581599.4956661405,4510706.44322983,2.005513906478882,18.830000000000002,0.0,1,1
533,581599.4956661405,4510756.44322983,2.1990888118743896,18.830000000000002,0.0,1,1
534,581599.4956661405,4510806.44322983,1.8478449583053589,18.830000000000002,0.0,1,1
535,581599.4956661405,4510856.44322983,1.7654942274093628,18.830000000000002,0.0,1,1
536,581599.4956661405,4510906.44322983,1.8410512208938599,18.830000000000002,0.0,1,1
537,581599.4956661405,4510956.44322983,1.6871287822723389,18.830000000000002,0.0,1,1
538,581599.4956661405,4511006.44322983,1.9827724695205688,18.830000000000002,0.0,1,1
539,581599.4956661405,4511056.44322983,2.130000114440918,18.830000000000002,0.0,1,1
540,581599.4956661405,4511106.44322983,1.9411792755126953,18.830000000000002,0.0,1,1
541,581599.4956661405,4511156.44322983,2.2858920097351074,18.830000000000002,0.0,1,1
542,581599.4956661405,4511206.44322983,2.031116247177124,18.830000000000002,0.0,1,1
543,581599.4956661405,4511256.44322983,1.8727785348892212,18.830000000000002,0.0,1,1
544,581599.4956661405,4511306.44322983,2.507805347442627,18.830000000000002,0.0,1,1
545,581599.4956661405,4511356.44322983,2.3895161151885986,18.830000000000002,0.0,1,1
546,581599.4956661405,4511406.44322983,2.316978931427002,18.830000000000002,0.0,1,1
547,581599.4956661405,4511456.44322983,2.4331207275390625,18.830000000000002,0.0,1,1
548,581599.4956661405,4511506.44322983,1.1595914363861084,18.830000000000002,0.0,1,1
549,581599.4956661405,4511556.44322983,1.8090674877166748,18.830000000000002,0.0,1,1
550,581599.4956661405,4511606.44322983,1.9072661399841309,18.830000000000002,0.0,1,1
551,581599.4956661405,4511656.44322983,1.5433772802352905,18.830000000000002,0.0,1,1
552,581599.4956661405,4511706.44322983,1.94771409034729,18.830000000000002,0.0,1,1
553,581599.4956661405,4511756.44322983,1.4042847156524658,18.830000000000002,0.0,1,1
554,581599.4956661405,4511806.44322983,1.6269530057907104,18.830000000000002,0.0,1,1
555,581599.4956661405,4511856.44322983,1.185157060623169,18.830000000000002,0.0,1,1
556,581599.4956661405,4511906.44322983,1.2479608058929443,18.830000000000002,0.0,1,1
557,581599.4956661405,4511956.44322983,1.0782626867294312,18.830000000000002,0.0,1,1
558,581599.4956661405,4512006.44322983,1.2448674440383911,18.830000000000002,0.0,1,1
559,581599.4956661405,4512056.44322983,1.085405707359314,18.830000000000002,0.0,1,1
560,581599.4956661405,4512106.44322983,1.2060753107070923,18.830000000000002,0.0,1,1
561,581599.4956661405,4512156.44322983,1.1508917808532715,18.830000000000002,0.0,1,1
562,581599.4956661405,4512206.44322983,2.0419273376464844,18.830000000000002,0.0,1,1
563,581599.4956661405,4512256.44322983,1.7497297525405884,18.830000000000002,1.2302072768379648,0,0
564,581599.4956661405,4512306.44322983,2.5683608055114746,18.830000000000002,21.9985074075352,0,0
566,581649.4956661405,4509756.44322983,2.3258867263793945,18.830000000000002,0.0,1,1
567,581649.4956661405,4509806.44322983,2.1414849758148193,18.830000000000002,0.0,1,1
568,581649.4956661405,4509856.44322983,1.8862988948822021,18.830000000000002,0.0,1,1
569,581649.4956661405,4509906.44322983,0.9314936399459839,18.830000000000002,0.0,1,1
570,581649.4956661405,4509956.44322983,1.2466689348220825,18.830000000000002,0.0,1,1
571,581649.4956661405,4510006.44322983,1.4588366746902466,18.830000000000002,0.0,1,1
572,581649.4956661405,4510056.44322983,1.145826816558838,18.830000000000002,0.0,1,1
573,581649.4956661405,4510106.44322983,1.4938427209854126,18.830000000000002,0.0,1,1
574,581649.4956661405,4510156.44322983,1.5493470430374146,18.830000000000002,0.0,1,1
575,581649.4956661405,4510206.44322983,1.2482174634933472,18.830000000000002,0.0,1,1
576,581649.4956661405,4510256.44322983,1.4332215785980225,18.830000000000002,0.0,1,1
577,581649.4956661405,4510306.44322983,2.1397793292999268,18.830000000000002,0.0,1,1
578,581649.4956661405,4510356.44322983,2.1800074577331543,18.830000000000002,0.0,1,1
579,581649.4956661405,4510406.44322983,1.8618696928024292,18.830000000000002,0.0,1,1
580,581649.4956661405,4510456.44322983,2.3884799480438232,18.830000000000002,0.0,1,1
581,581649.4956661405,4510506.44322983,1.7973600625991821,18.830000000000002,0.0,1,1
582,581649.4956661405,4510556.44322983,1.7909181118011475,18.830000000000002,0.0,1,1
583,581649.4956661405,4510606.44322983,2.4739296436309814,18.830000000000002,0.0,1,1
584,581649.4956661405,4510656.44322983,1.6585685014724731,18.830000000000002,0.0,1,1
585,581649.4956661405,4510706.44322983,1.921750783920288,18.830000000000002,0.0,1,1
586,581649.4956661405,4510756.44322983,1.9510875940322876,18.830000000000002,0.0,1,1
587,581649.4956661405,4510806.44322983,1.61119544506073,18.830000000000002,0.0,1,1
588,581649.4956661405,4510856.44322983,2.309382915496826,18.830000000000002,0.0,1,1
589,581649.4956661405,4510906.44322983,1.7123346328735352,18.830000000000002,0.0,1,1
590,581649.4956661405,4510956.44322983,1.501854419708252,18.830000000000002,0.0,1,1
591,581649.4956661405,4511006.44322983,1.7178202867507935,18.830000000000002,0.0,1,1
592,581649.4956661405,4511056.44322983,1.8806843757629395,18.830000000000002,0.0,1,1
593,581649.4956661405,4511106.44322983,1.562464952468872,18.830000000000002,0.0,1,1
594,581649.4956661405,4511156.44322983,1.974373698234558,18.830000000000002,0.0,1,1
595,581649.4956661405,4511206.44322983,2.2649903297424316,18.830000000000002,0.0,1,1
596,581649.4956661405,4511256.44322983,2.2500500679016113,18.830000000000002,0.0,1,1
597,581649.4956661405,4511306.44322983,2.578354835510254,18.830000000000002,6.2847807325618446,0,0
598,581649.4956661405,4511356.44322983,2.564824104309082,18.830000000000002,4.22915472800229,0,0
599,581649.4956661405,4511406.44322983,2.023271322250366,18.830000000000002,0.0,1,1
600,581649.4956661405,4511456.44322983,2.159698247909546,18.830000000000002,0.0,1,1
601,581649.4956661405,4511506.44322983,2.5887744426727295,18.830000000000002,0.0,1,1
602,581649.4956661405,4511556.44322983,2.5091540813446045,18.830000000000002,4.5775895604738706,0,0
603,581649.4956661405,4511606.44322983,2.398594379425049,18.830000000000002,0.0,1,1
604,581649.4956661405,4511656.44322983,2.436656951904297,18.830000000000002,0.0,1,1
605,581649.4956661405,4511706.44322983,1.9199999570846558,18.830000000000002,0.0,1,1
606,581649.4956661405,4511756.44322983,2.3424580097198486,18.830000000000002,0.0,1,1
607,581649.4956661405,4511806.44322983,1.699236273765564,18.830000000000002,0.0,1,1
608,581649.4956661405,4511856.44322983,1.7324410676956177,18.830000000000002,0.0,1,1
609,581649.4956661405,4511906.44322983,1.8618686199188232,18.830000000000002,0.0,1,1
610,581649.4956661405,4511956.44322983,1.14434015750885,18.830000000000002,4.403913342069427,0,0
611,581649.4956661405,4512006.44322983,1.1567224264144897,18.830000000000002,0.0,1,1
612,581649.4956661405,4512056.44322983,1.2224704027175903,18.830000000000002,0.0,1,1
613,581649.4956661405,4512106.44322983,1.0064425468444824,18.830000000000002,0.0,1,1
614,581649.4956661405,4512156.44322983,1.2000788450241089,18.830000000000002,0.0,1,1
615,581649.4956661405,4512206.44322983,0.9704359173774719,18.830000000000002,0.0,1,1
616,581649.4956661405,4512256.44322983,2.555638074874878,18.830000000000002,0.0,1,1
617,581649.4956661405,4512306.44322983,2.7252540588378906,18.830000000000002,0.0,1,1
618,581649.4956661405,4512356.44322983,1.9654440879821777,18.830000000000002,0.0,1,1
621,581699.4956661405,4509756.44322983,2.2054710388183594,18.830000000000002,0.0,1,1
622,581699.4956661405,4509806.44322983,2.1301381587982178,18.830000000000002,0.0,1,1
623,581699.4956661405,4509856.44322983,1.9680882692337036,18.830000000000002,0.0,1,1
624,581699.4956661405,4509906.44322983,2.5314738750457764,18.830000000000002,0.0,1,1
625,581699.4956661405,4509956.44322983,3.005408763885498,18.830000000000002,0.0,1,1
626,581699.4956661405,4510006.44322983,1.3615436553955078,18.830000000000002,0.0,1,1
627,581699.4956661405,4510056.44322983,1.983786702156067,18.830000000000002,0.0,1,1
628,581699.4956661405,4510106.44322983,2.7868716716766357,18.830000000000002,0.0,1,1
629,581699.4956661405,4510156.44322983,2.6157453060150146,18.830000000000002,0.0,1,1
630,581699.4956661405,4510206.44322983,2.1089539527893066,18.830000000000002,0.0,1,1
631,581699.4956661405,4510256.44322983,1.6339950561523438,18.830000000000002,0.0,1,1
632,581699.4956661405,4510306.44322983,2.002338409423828,18.830000000000002,0.0,1,1
633,581699.4956661405,4510356.44322983,2.177319049835205,18.830000000000002,0.0,1,1
634,581699.4956661405,4510406.44322983,1.8255045413970947,18.830000000000002,0.0,1,1
635,581699.4956661405,4510456.44322983,1.7887691259384155,18.830000000000002,0.0,1,1
636,581699.4956661405,4510506.44322983,2.2785658836364746,18.830000000000002,0.0,1,1
637,581699.4956661405,4510556.44322983,2.1310596466064453,18.830000000000002,0.0,1,1
638,581699.4956661405,4510606.44322983,2.5311031341552734,18.830000000000002,0.0,1,1
639,581699.4956661405,4510656.44322983,2.1575045585632324,18.830000000000002,0.0,1,1
640,581699.4956661405,4510706.44322983,2.2611148357391357,18.830000000000002,0.0,1,1
641,581699.4956661405,4510756.44322983,1.6974867582321167,18.830000000000002,0.0,1,1
642,581699.4956661405,4510806.44322983,1.8243284225463867,18.830000000000002,0.0,1,1
643,581699.4956661405,4510856.44322983,1.9071205854415894,18.830000000000002,0.0,1,1
644,581699.4956661405,4510906.44322983,1.7851275205612183,18.830000000000002,0.0,1,1
645,581699.4956661405,4510956.44322983,1.4067094326019287,18.830000000000002,0.0,1,1
646,581699.4956661405,4511006.44322983,1.65303373336792,18.830000000000002,0.0,1,1
647,581699.4956661405,4511056.44322983,1.0723248720169067,18.830000000000002,0.0,1,1
648,581699.4956661405,4511106.44322983,1.5206984281539917,18.830000000000002,0.0,1,1
649,581699.4956661405,4511156.44322983,1.4731196165084839,18.830000000000002,0.0,1,1
650,581699.4956661405,4511206.44322983,2.2089242935180664,18.830000000000002,0.0,1,1
651,581699.4956661405,4511256.44322983,2.1846861839294434,18.830000000000002,0.0,1,1
652,581699.4956661405,4511306.44322983,2.3092048168182373,18.830000000000002,0.0,1,1
653,581699.4956661405,4511356.44322983,2.1517229080200195,18.830000000000002,0.0,1,1
654,581699.4956661405,4511406.44322983,2.368541717529297,18.830000000000002,0.0,1,1
655,581699.4956661405,4511456.44322983,4.127840042114258,18.830000000000002,0.0,1,1
656,581699.4956661405,4511506.44322983,3.7890894412994385,18.830000000000002,35.9986012836865,0,0
657,581699.4956661405,4511556.44322983,2.8881423473358154,18.830000000000002,52.45768947683873,0,0
658,581699.4956661405,4511606.44322983,2.280884027481079,18.830000000000002,14.521393799620935,0,0
659,581699.4956661405,4511656.44322983,2.208472490310669,18.830000000000002,0.0,1,1
660,581699.4956661405,4511706.44322983,1.9456168413162231,18.830000000000002,0.0,1,1
661,581699.4956661405,4511756.44322983,2.8051812648773193,18.830000000000002,0.0,1,1
662,581699.4956661405,4511806.44322983,1.9591785669326782,18.830000000000002,0.0,1,1
663,581699.4956661405,4511856.44322983,1.7592486143112183,18.830000000000002,0.0,1,1
664,581699.4956661405,4511906.44322983,2.0199999809265137,18.830000000000002,0.0,1,1
665,581699.4956661405,4511956.44322983,0.9960128664970398,18.830000000000002,0.0,1,1
666,581699.4956661405,4512006.44322983,1.7280797958374023,18.830000000000002,0.0,1,1
667,581699.4956661405,4512056.44322983,1.3673814535140991,18.830000000000002,0.0,1,1
668,581699.4956661405,4512106.44322983,0.8694466948509216,18.830000000000002,0.0,1,1
669,581699.4956661405,4512156.44322983,1.124016523361206,18.830000000000002,0.0,1,1
670,581699.4956661405,4512206.44322983,0.7968845367431641,18.830000000000002,0.0,1,1
671,581699.4956661405,4512256.44322983,2.202040910720825,18.830000000000002,0.0,1,1
672,581699.4956661405,4512306.44322983,2.7606353759765625,18.830000000000002,0.0,1,1
673,581699.4956661405,4512356.44322983,2.3853158950805664,18.830000000000002,0.0,1,1
674,581699.4956661405,4512406.44322983,1.031713604927063,18.830000000000002,0.0,1,1
677,581749.4956661405,4509756.44322983,2.176572561264038,18.830000000000002,0.0,1,1
678,581749.4956661405,4509806.44322983,2.2980282306671143,18.830000000000002,0.0,1,1
679,581749.4956661405,4509856.44322983,2.481271266937256,18.830000000000002,0.0,1,1
680,581749.4956661405,4509906.44322983,2.371192455291748,18.830000000000002,0.0,1,1
681,581749.4956661405,4509956.44322983,3.0433895587921143,18.830000000000002,15.93231192379433,0,0
682,581749.4956661405,4510006.44322983,3.4048004150390625,18.830000000000002,22.660354321296012,0,0
683,581749.4956661405,4510056.44322983,4.067628383636475,18.830000000000002,29.32764274480982,0,0
684,581749.4956661405,4510106.44322983,3.385916233062744,18.830000000000002,31.058162025556957,0,0
685,581749.4956661405,4510156.44322983,2.892765760421753,18.830000000000002,32.471737298285696,0,0
686,581749.4956661405,4510206.44322983,2.3851475715637207,18.830000000000002,26.87040775963129,0,0
687,581749.4956661405,4510256.44322983,2.454904794692993,18.830000000000002,1.0535546879950708,0,0
688,581749.4956661405,4510306.44322983,1.9898207187652588,18.830000000000002,2.639250231205561,0,0
689,581749.4956661405,4510356.44322983,2.222928285598755,18.830000000000002,0.0,1,1
690,581749.4956661405,4510406.44322983,2.46165132522583,18.830000000000002,0.0,1,1
691,581749.4956661405,4510456.44322983,2.798349380493164,18.830000000000002,0.0,1,1
692,581749.4956661405,4510506.44322983,2.6682417392730713,18.830000000000002,0.0,1,1
693,581749.4956661405,4510556.44322983,3.1313343048095703,18.830000000000002,5.098198778020983,0,0
694,581749.4956661405,4510606.44322983,2.9739744663238525,18.830000000000002,0.0,1,1
695,581749.4956661405,4510656.44322983,2.881331205368042,18.830000000000002,0.0,1,1
696,581749.4956661405,4510706.44322983,2.099231719970703,18.830000000000002,0.0,1,1
697,581749.4956661405,4510756.44322983,2.212695837020874,18.830000000000002,0.0,1,1
698,581749.4956661405,4510806.44322983,1.942467451095581,18.830000000000002,0.0,1,1
699,581749.4956661405,4510856.44322983,1.9702343940734863,18.830000000000002,0.0,1,1
700,581749.4956661405,4510906.44322983,0.880182683467865,18.830000000000002,0.0,1,1
701,581749.4956661405,4510956.44322983,0.950546383857727,18.830000000000002,0.0,1,1
702,581749.4956661405,4511006.44322983,1.0079554319381714,18.830000000000002,0.0,1,1
703,581749.4956661405,4511056.44322983,1.410690426826477,18.830000000000002,0.0,1,1
704,581749.4956661405,4511106.44322983,1.722145676612854,18.830000000000002,0.0,1,1
705,581749.4956661405,4511156.44322983,2.0138673782348633,18.830000000000002,0.0,1,1
706,581749.4956661405,4511206.44322983,1.8095005750656128,18.830000000000002,0.0,1,1
707,581749.4956661405,4511256.44322983,2.042591094970703,18.830000000000002,0.0,1,1
708,581749.4956661405,4511306.44322983,2.471651792526245,18.830000000000002,0.0,1,1
709,581749.4956661405,4511356.44322983,2.7566237449645996,18.830000000000002,3.2744887338490454,0,0
710,581749.4956661405,4511406.44322983,2.899829387664795,18.830000000000002,3.255404027924228,0,0
711,581749.4956661405,4511456.44322983,2.9616732597351074,18.830000000000002,22.090776227606874,0,0
712,581749.4956661405,4511506.44322983,3.24324893951416,18.830000000000002,62.23946141021868,0,0
713,581749.4956661405,4511556.44322983,3.5585880279541016,18.830000000000002,85.04170156508464,0,0
714,581749.4956661405,4511606.44322983,3.64787220954895,18.830000000000002,53.6106863013746,0,0
715,581749.4956661405,4511656.44322983,2.978858232498169,18.830000000000002,26.04302414761476,0,0
716,581749.4956661405,4511706.44322983,2.666693925857544,18.830000000000002,5.642587444832167,0,0
717,581749.4956661405,4511756.44322983,2.2050867080688477,18.830000000000002,0.0,1,1
718,581749.4956661405,4511806.44322983,2.3932852745056152,18.830000000000002,0.0,1,1
719,581749.4956661405,4511856.44322983,2.0299999713897705,18.830000000000002,0.0,1,1
720,581749.4956661405,4511906.44322983,1.7928054332733154,18.830000000000002,0.0,1,1
721,581749.4956661405,4511956.44322983,1.409326434135437,18.830000000000002,0.0,1,1
722,581749.4956661405,4512006.44322983,2.442211151123047,18.830000000000002,0.0,1,1
723,581749.4956661405,4512056.44322983,1.832818865776062,18.830000000000002,0.0,1,1
724,581749.4956661405,4512106.44322983,2.040559768676758,18.830000000000002,0.0,1,1
725,581749.4956661405,4512156.44322983,1.0627671480178833,18.830000000000002,0.0,1,1
726,581749.4956661405,4512206.44322983,0.8167624473571777,18.830000000000002,0.0,1,1
727,581749.4956661405,4512256.44322983,-0.9256120920181274,18.830000000000002,0.0,1,1
728,581749.4956661405,4512306.44322983,2.4369149208068848,18.830000000000002,24.148131160123757,0,0
729,581749.4956661405,4512356.44322983,2.2849884033203125,18.830000000000002,0.0,1,1
730,581749.4956661405,4512406.44322983,0.874409556388855,18.830000000000002,0.0,1,1
733,581799.4956661405,4509706.44322983,1.6503220796585083,18.830000000000002,0.0,1,1
734,581799.4956661405,4509756.44322983,2.0852484703063965,18.830000000000002,0.0,1,1
735,581799.4956661405,4509806.44322983,2.221876382827759,18.830000000000002,0.0,1,1
736,581799.4956661405,4509856.44322983,2.848680019378662,18.830000000000002,0.3106276596277607,0,0
737,581799.4956661405,4509906.44322983,3.5218944549560547,18.830000000000002,35.240239175295024,0,0
738,581799.4956661405,4509956.44322983,4.278192043304443,18.830000000000002,36.405934083686375,0,0
739,581799.4956661405,4510006.44322983,5.0362958908081055,18.830000000000002,70.58022800739069,0,0
740,581799.4956661405,4510056.44322983,5.121795177459717,18.830000000000002,74.16972054114325,0,0
741,581799.4956661405,4510106.44322983,5.466256141662598,18.830000000000002,78.0792350190731,0,0
742,581799.4956661405,4510156.44322983,6.451836109161377,18.830000000000002,79.78200656018002,0,0
743,581799.4956661405,4510206.44322983,5.36362361907959,18.830000000000002,66.30561453406234,0,0
744,581799.4956661405,4510256.44322983,4.591270923614502,18.830000000000002,45.08131539504913,0,0
745,581799.4956661405,4510306.44322983,3.810519218444824,18.830000000000002,48.639646254439064,0,0
746,581799.4956661405,4510356.44322983,3.420137882232666,18.830000000000002,36.52536742490401,0,0
747,581799.4956661405,4510406.44322983,2.7912635803222656,18.830000000000002,33.853916676096674,0,0
748,581799.4956661405,4510456.44322983,3.073185682296753,18.830000000000002,19.325503683122918,0,0
749,581799.4956661405,4510506.44322983,3.05187726020813,18.830000000000002,13.113011862346209,0,0
750,581799.4956661405,4510556.44322983,4.549877166748047,18.830000000000002,6.060919541572691,0,0
751,581799.4956661405,4510606.44322983,2.8590221405029297,18.830000000000002,2.3436703884599437,0,0
752,581799.4956661405,4510656.44322983,2.888455867767334,18.830000000000002,0.0,1,1
753,581799.4956661405,4510706.44322983,2.4101715087890625,18.830000000000002,0.0,1,1
754,581799.4956661405,4510756.44322983,2.5954244136810303,18.830000000000002,0.0,1,1
755,581799.4956661405,4510806.44322983,2.8804450035095215,18.830000000000002,0.0,1,1
756,581799.4956661405,4510856.44322983,2.4900448322296143,18.830000000000002,0.0,1,1
757,581799.4956661405,4510906.44322983,2.1894845962524414,18.830000000000002,0.0,1,1
758,581799.4956661405,4510956.44322983,1.9971238374710083,18.830000000000002,0.0,1,1
759,581799.4956661405,4511006.44322983,1.96125328540802,18.830000000000002,0.0,1,1
760,581799.4956661405,4511056.44322983,1.8892098665237427,18.830000000000002,0.0,1,1
761,581799.4956661405,4511106.44322983,1.1534175872802734,18.830000000000002,0.0,1,1
762,581799.4956661405,4511156.44322983,1.6021151542663574,18.830000000000002,0.0,1,1
763,581799.4956661405,4511206.44322983,1.8305608034133911,18.830000000000002,0.0,1,1
764,581799.4956661405,4511256.44322983,1.5587292909622192,18.830000000000002,0.0,1,1
765,581799.4956661405,4511306.44322983,2.340902805328369,18.830000000000002,21.03687287994795,0,0
766,581799.4956661405,4511356.44322983,2.968031883239746,18.830000000000002,39.44139155230959,0,0
767,581799.4956661405,4511406.44322983,3.2575740814208984,18.830000000000002,53.1105524064553,0,0
768,581799.4956661405,4511456.44322983,3.5176076889038086,18.830000000000002,65.4402480647217,0,0
769,581799.4956661405,4511506.44322983,3.9309446811676025,18.830000000000002,92.79616051304835,0,0
770,581799.4956661405,4511556.44322983,2.8096625804901123,18.830000000000002,123.16347721005404,0,0
771,581799.4956661405,4511606.44322983,3.1037557125091553,18.830000000000002,94.20083687599517,0,0
772,581799.4956661405,4511656.44322983,3.033402681350708,18.830000000000002,62.78488786888565,0,0
773,581799.4956661405,4511706.44322983,2.8950774669647217,18.830000000000002,15.336269831010515,0,0
774,581799.4956661405,4511756.44322983,1.8393027782440186,18.830000000000002,0.0,1,1
775,581799.4956661405,4511806.44322983,2.060622453689575,18.830000000000002,0.0,1,1
776,581799.4956661405,4511856.44322983,2.225566864013672,18.830000000000002,0.0,1,1
777,581799.4956661405,4511906.44322983,1.9854116439819336,18.830000000000002,0.0,1,1
778,581799.4956661405,4511956.44322983,1.6191664934158325,18.830000000000002,0.0,1,1
779,581799.4956661405,4512006.44322983,1.850000023841858,18.830000000000002,0.0,1,1
780,581799.4956661405,4512056.44322983,1.7795844078063965,18.830000000000002,0.0,1,1
781,581799.4956661405,4512106.44322983,1.5093910694122314,18.830000000000002,0.0,1,1
782,581799.4956661405,4512156.44322983,1.266181468963623,18.830000000000002,0.0,1,1
783,581799.4956661405,4512206.44322983,1.317284345626831,18.830000000000002,0.0,1,1
784,581799.4956661405,4512256.44322983,-0.7569081783294678,18.830000000000002,0.0,1,1
785,581799.4956661405,4512306.44322983,2.742068290710449,18.830000000000002,28.357130085594193,0,0
786,581799.4956661405,4512356.44322983,0.631278395652771,18.830000000000002,0.0,1,1
787,581799.4956661405,4512406.44322983,0.8474529981613159,18.830000000000002,0.0,1,1
789,581849.4956661405,4509706.44322983,1.654199481010437,18.830000000000002,0.0,1,1
790,581849.4956661405,4509756.44322983,1.9675586223602295,18.830000000000002,0.0,1,1
791,581849.4956661405,4509806.44322983,1.9947385787963867,18.830000000000002,0.0,1,1
792,581849.4956661405,4509856.44322983,3.1149134635925293,18.830000000000002,31.497047565789014,0,0
793,581849.4956661405,4509906.44322983,3.651757001876831,18.830000000000002,68.06829769786832,0,0
794,581849.4956661405,4509956.44322983,4.196379661560059,18.830000000000002,84.60210693462466,0,0
795,581849.4956661405,4510006.44322983,5.094493865966797,18.830000000000002,104.61543460846282,0,0
796,581849.4956661405,4510056.44322983,6.612186908721924,18.830000000000002,122.34744042895993,0,0
797,581849.4956661405,4510106.44322983,7.491695404052734,18.830000000000002,127.32334012685558,0,0
798,581849.4956661405,4510156.44322983,7.8154296875,18.830000000000002,128.41084059377815,0,0
799,581849.4956661405,4510206.44322983,7.736504077911377,18.830000000000002,110.24205655297378,0,0
800,581849.4956661405,4510256.44322983,7.314918518066406,18.830000000000002,94.53317062498519,0,0
801,581849.4956661405,4510306.44322983,5.4859185218811035,18.830000000000002,94.386386667196,0,0
802,581849.4956661405,4510356.44322983,4.570156097412109,18.830000000000002,86.42103219910456,0,0
803,581849.4956661405,4510406.44322983,4.122669219970703,18.830000000000002,82.21277523212854,0,0
804,581849.4956661405,4510456.44322983,3.8795740604400635,18.830000000000002,66.11592176012061,0,0
805,581849.4956661405,4510506.44322983,3.323246479034424,18.830000000000002,58.12585892304245,0,0
806,581849.4956661405,4510556.44322983,3.9320123195648193,18.830000000000002,55.002599466132,0,0
807,581849.4956661405,4510606.44322983,3.2245683670043945,18.830000000000002,52.05385359991835,0,0
808,581849.4956661405,4510656.44322983,3.659313201904297,18.830000000000002,45.655824712886584,0,0
809,581849.4956661405,4510706.44322983,3.1985700130462646,18.830000000000002,34.38883116970243,0,0
810,581849.4956661405,4510756.44322983,2.9333298206329346,18.830000000000002,25.012588768409593,0,0
811,581849.4956661405,4510806.44322983,3.05122709274292,18.830000000000002,26.288304561088545,0,0
812,581849.4956661405,4510856.44322983,2.9923484325408936,18.830000000000002,31.21346446176586,0,0
813,581849.4956661405,4510906.44322983,2.322033643722534,18.830000000000002,0.0,1,1
814,581849.4956661405,4510956.44322983,2.22526478767395,18.830000000000002,5.030781963070773,0,0
815,581849.4956661405,4511006.44322983,1.3896564245224,18.830000000000002,0.0,1,1
816,581849.4956661405,4511056.44322983,1.7516297101974487,18.830000000000002,0.0,1,1
817,581849.4956661405,4511106.44322983,1.693367838859558,18.830000000000002,0.0,1,1
818,581849.4956661405,4511156.44322983,2.3230977058410645,18.830000000000002,0.0,1,1
819,581849.4956661405,4511206.44322983,1.982912540435791,18.830000000000002,0.0,1,1
820,581849.4956661405,4511256.44322983,2.1333770751953125,18.830000000000002,0.0,1,1
821,581849.4956661405,4511306.44322983,2.8513166904449463,18.830000000000002,10.546318467302395,0,0
822,581849.4956661405,4511356.44322983,3.371941089630127,18.830000000000002,59.76333929718781,0,0
823,581849.4956661405,4511406.44322983,3.4341366291046143,18.830000000000002,103.10545179190368,0,0
824,581849.4956661405,4511456.44322983,4.047861099243164,18.830000000000002,112.61462023235384,0,0
825,581849.4956661405,4511506.44322983,4.356668949127197,18.830000000000002,133.08335133539623,0,0
826,581849.4956661405,4511556.44322983,4.163952827453613,18.830000000000002,163.50612348651862,0,0
827,581849.4956661405,4511606.44322983,4.0002570152282715,18.830000000000002,127.02094821410228,0,0
828,581849.4956661405,4511656.44322983,3.5404744148254395,18.830000000000002,85.09569507863829,0,0
829,581849.4956661405,4511706.44322983,3.145004987716675,18.830000000000002,53.57588535574465,0,0
830,581849.4956661405,4511756.44322983,2.3440041542053223,18.830000000000002,19.88846239461542,0,0
831,581849.4956661405,4511806.44322983,2.5502521991729736,18.830000000000002,0.0,1,1
832,581849.4956661405,4511856.44322983,-0.8628538846969604,18.830000000000002,0.0,1,1
833,581849.4956661405,4511906.44322983,5.1129655838012695,18.830000000000002,0.9786463576734378,0,0
834,581849.4956661405,4511956.44322983,1.442041039466858,18.830000000000002,0.0,1,1
835,581849.4956661405,4512006.44322983,1.6435720920562744,18.830000000000002,0.0,1,1
836,581849.4956661405,4512056.44322983,1.6956647634506226,18.830000000000002,0.0,1,1
837,581849.4956661405,4512106.44322983,1.965857744216919,18.830000000000002,0.0,1,1
838,581849.4956661405,4512156.44322983,1.8013864755630493,18.830000000000002,0.0,1,1
839,581849.4956661405,4512206.44322983,1.7338699102401733,18.830000000000002,0.0,1,1
840,581849.4956661405,4512256.44322983,2.36834979057312,18.830000000000002,0.0,1,1
841,581849.4956661405,4512306.44322983,1.170897364616394,18.830000000000002,0.0,1,1
842,581849.4956661405,4512356.44322983,0.8298759460449219,18.830000000000002,0.0,1,1
843,581849.4956661405,4512406.44322983,0.6038409471511841,18.830000000000002,0.0,1,1
844,581899.4956661405,4509656.44322983,2.890740156173706,18.830000000000002,0.0,1,1
845,581899.4956661405,4509706.44322983,1.6723839044570923,18.830000000000002,0.0,1,1
846,581899.4956661405,4509756.44322983,1.7227271795272827,18.830000000000002,0.0,1,1
847,581899.4956661405,4509806.44322983,1.6871178150177002,18.830000000000002,0.0,1,1
848,581899.4956661405,4509856.44322983,3.5478529930114746,18.830000000000002,23.456259599846653,0,0
849,581899.4956661405,4509906.44322983,3.5893783569335938,18.830000000000002,57.77563311103405,0,0
850,581899.4956661405,4509956.44322983,4.0618414878845215,18.830000000000002,85.12565585045498,0,0
851,581899.4956661405,4510006.44322983,4.68007230758667,18.830000000000002,95.10831713363596,0,0
852,581899.4956661405,4510056.44322983,6.385739326477051,18.830000000000002,106.14992281056807,0,0
853,581899.4956661405,4510106.44322983,7.092339038848877,18.830000000000002,114.48920268512977,0,0
854,581899.4956661405,4510156.44322983,7.534328937530518,18.830000000000002,127.25475466358702,0,0
855,581899.4956661405,4510206.44322983,7.812633991241455,18.830000000000002,117.39398690308867,0,0
856,581899.4956661405,4510256.44322983,7.634832859039307,18.830000000000002,125.92444768498,0,0
857,581899.4956661405,4510306.44322983,7.479959011077881,18.830000000000002,122.2454049514471,0,0
858,581899.4956661405,4510356.44322983,6.79115629196167,18.830000000000002,132.9871507371642,0,0
859,581899.4956661405,4510406.44322983,7.2036309242248535,18.830000000000002,128.4621498000158,0,0
860,581899.4956661405,4510456.44322983,6.745501518249512,18.830000000000002,115.24088139772964,0,0
861,581899.4956661405,4510506.44322983,6.045810699462891,18.830000000000002,105.64095052843578,0,0
862,581899.4956661405,4510556.44322983,5.066437721252441,18.830000000000002,104.16954501712276,0,0
863,581899.4956661405,4510606.44322983,4.241923809051514,18.830000000000002,101.91308367752774,0,0
864,581899.4956661405,4510656.44322983,4.0200514793396,18.830000000000002,95.31766348174035,0,0
865,581899.4956661405,4510706.44322983,3.564195394515991,18.830000000000002,83.08813677786247,0,0
866,581899.4956661405,4510756.44322983,3.098210334777832,18.830000000000002,71.6216435631314,0,0
867,581899.4956661405,4510806.44322983,2.934908866882324,18.830000000000002,72.5822092708456,0,0
868,581899.4956661405,4510856.44322983,2.9863362312316895,18.830000000000002,63.9873486625839,0,0
869,581899.4956661405,4510906.44322983,2.5618550777435303,18.830000000000002,40.39241859427678,0,0
870,581899.4956661405,4510956.44322983,2.7235634326934814,18.830000000000002,43.262957261011785,0,0
871,581899.4956661405,4511006.44322983,2.070918321609497,18.830000000000002,19.504628014606777,0,0
872,581899.4956661405,4511056.44322983,2.565133810043335,18.830000000000002,8.20135689006713,0,0
873,581899.4956661405,4511106.44322983,2.497776746749878,18.830000000000002,1.8106933759024382,0,0
874,581899.4956661405,4511156.44322983,2.5319933891296387,18.830000000000002,21.550542944722594,0,0
875,581899.4956661405,4511206.44322983,2.308345079421997,18.830000000000002,42.15495838345499,0,0
876,581899.4956661405,4511256.44322983,2.9087250232696533,18.830000000000002,13.544122209404277,0,0
877,581899.4956661405,4511306.44322983,2.4659531116485596,18.830000000000002,32.32461557308946,0,0
878,581899.4956661405,4511356.44322983,3.7923340797424316,18.830000000000002,78.25658992778165,0,0
879,581899.4956661405,4511406.44322983,3.9414587020874023,18.830000000000002,122.31361447454724,0,0
880,581899.4956661405,4511456.44322983,4.607110500335693,18.830000000000002,160.56326097626803,0,0
881,581899.4956661405,4511506.44322983,5.070920467376709,18.830000000000002,177.12313207506233,0,0
882,581899.4956661405,4511556.44322983,4.542628288269043,18.830000000000002,195.58456405947726,0,0
883,581899.4956661405,4511606.44322983,4.471436023712158,18.830000000000002,155.40983570216144,0,0
884,581899.4956661405,4511656.44322983,3.6723361015319824,18.830000000000002,121.60163636542362,0,0
885,581899.4956661405,4511706.44322983,2.9519200325012207,18.830000000000002,87.15694501243132,0,0
886,581899.4956661405,4511756.44322983,3.026590585708618,18.830000000000002,37.84802752045416,0,0
887,581899.4956661405,4511806.44322983,2.274876356124878,18.830000000000002,0.0,1,1
888,581899.4956661405,4511856.44322983,2.3719053268432617,18.830000000000002,0.0,1,1
889,581899.4956661405,4511906.44322983,2.2684273719787598,18.830000000000002,0.0,1,1
890,581899.4956661405,4511956.44322983,2.1399784088134766,18.830000000000002,0.0,1,1
891,581899.4956661405,4512006.44322983,1.9000983238220215,18.830000000000002,0.0,1,1
892,581899.4956661405,4512056.44322983,1.5875440835952759,18.830000000000002,0.0,1,1
893,581899.4956661405,4512106.44322983,1.8459038734436035,18.830000000000002,0.0,1,1
894,581899.4956661405,4512156.44322983,1.9814239740371704,18.830000000000002,0.0,1,1
895,581899.4956661405,4512206.44322983,1.3824821710586548,18.830000000000002,0.0,1,1
896,581899.4956661405,4512256.44322983,1.5321986675262451,18.830000000000002,0.0,1,1
897,581899.4956661405,4512306.44322983,1.0065746307373047,18.830000000000002,0.0,1,1
898,581899.4956661405,4512356.44322983,1.011826515197754,18.830000000000002,0.0,1,1
900,581949.4956661405,4509656.44322983,3.5001144409179688,18.830000000000002,0.0,1,1
901,581949.4956661405,4509706.44322983,1.6871685981750488,18.830000000000002,0.0,1,1
902,581949.4956661405,4509756.44322983,1.51466703414917,18.830000000000002,0.0,1,1
903,581949.4956661405,4509806.44322983,1.3247482776641846,18.830000000000002,0.0,1,1
904,581949.4956661405,4509856.44322983,3.446310043334961,18.830000000000002,0.0,1,1
905,581949.4956661405,4509906.44322983,3.6989235877990723,18.830000000000002,16.90086522817827,0,0
906,581949.4956661405,4509956.44322983,3.840106725692749,18.830000000000002,36.47219127879951,0,0
907,581949.4956661405,4510006.44322983,4.128344535827637,18.830000000000002,48.42282019891457,0,0
908,581949.4956661405,4510056.44322983,5.958441257476807,18.830000000000002,57.10147168833218,0,0
909,581949.4956661405,4510106.44322983,6.7042083740234375,18.830000000000002,65.11651218468926,0,0
910,581949.4956661405,4510156.44322983,6.611174583435059,18.830000000000002,81.54416517720495,0,0
911,581949.4956661405,4510206.44322983,6.49709939956665,18.830000000000002,67.3971630042932,0,0
912,581949.4956661405,4510256.44322983,6.5507354736328125,18.830000000000002,80.57880908325713,0,0
913,581949.4956661405,4510306.44322983,7.165960311889648,18.830000000000002,72.28093630898577,0,0
914,581949.4956661405,4510356.44322983,6.808917045593262,18.830000000000002,89.03539419292697,0,0
915,581949.4956661405,4510406.44322983,7.5650482177734375,18.830000000000002,124.67340246349181,0,0
916,581949.4956661405,4510456.44322983,7.132852077484131,18.830000000000002,164.76764886224856,0,0
917,581949.4956661405,4510506.44322983,7.514566421508789,18.830000000000002,154.50088141074232,0,0
918,581949.4956661405,4510556.44322983,6.978330135345459,18.830000000000002,153.77039040518886,0,0
919,581949.4956661405,4510606.44322983,6.964282989501953,18.830000000000002,151.86490567186286,0,0
920,581949.4956661405,4510656.44322983,7.152212619781494,18.830000000000002,145.18163200960936,0,0
921,581949.4956661405,4510706.44322983,6.652453899383545,18.830000000000002,132.19228019898895,0,0
922,581949.4956661405,4510756.44322983,5.329734802246094,18.830000000000002,120.52498749481266,0,0
923,581949.4956661405,4510806.44322983,5.025095462799072,18.830000000000002,121.25424980171869,0,0
924,581949.4956661405,4510856.44322983,4.1815385818481445,18.830000000000002,105.52980573382604,0,0
925,581949.4956661405,4510906.44322983,3.8746275901794434,18.830000000000002,89.05212484279558,0,0
926,581949.4956661405,4510956.44322983,4.020101070404053,18.830000000000002,87.72020961209259,0,0
927,581949.4956661405,4511006.44322983,3.1534054279327393,18.830000000000002,67.36188063447668,0,0
928,581949.4956661405,4511056.44322983,3.28041934967041,18.830000000000002,56.324517602282064,0,0
929,581949.4956661405,4511106.44322983,3.0372836589813232,18.830000000000002,49.164254905179824,0,0
930,581949.4956661405,4511156.44322983,2.989492416381836,18.830000000000002,69.53899632828006,0,0
931,581949.4956661405,4511206.44322983,2.364431858062744,18.830000000000002,81.12872742340882,0,0
932,581949.4956661405,4511256.44322983,2.997591018676758,18.830000000000002,62.539090600927565,0,0
933,581949.4956661405,4511306.44322983,3.134932518005371,18.830000000000002,70.82779918711276,0,0
934,581949.4956661405,4511356.44322983,4.068727970123291,18.830000000000002,102.5604265823929,0,0
935,581949.4956661405,4511406.44322983,4.316421985626221,18.830000000000002,143.96313417071326,0,0
936,581949.4956661405,4511456.44322983,3.8942391872406006,18.830000000000002,189.39490821297468,0,0
937,581949.4956661405,4511506.44322983,4.967298984527588,18.830000000000002,223.4549263713848,0,0
938,581949.4956661405,4511556.44322983,4.709372520446777,18.830000000000002,225.95198203809886,0,0
939,581949.4956661405,4511606.44322983,4.308707237243652,18.830000000000002,191.54383080830678,0,0
940,581949.4956661405,4511656.44322983,3.672978401184082,18.830000000000002,148.4498570184432,0,0
941,581949.4956661405,4511706.44322983,3.6164634227752686,18.830000000000002,103.4020777720995,0,0
942,581949.4956661405,4511756.44322983,3.133822441101074,18.830000000000002,63.72996334667264,0,0
943,581949.4956661405,4511806.44322983,2.8251593112945557,18.830000000000002,40.29254857204441,0,0
944,581949.4956661405,4511856.44322983,3.1399998664855957,18.830000000000002,33.73818722255092,0,0
945,581949.4956661405,4511906.44322983,2.356574773788452,18.830000000000002,0.0,1,1
946,581949.4956661405,4511956.44322983,2.145063638687134,18.830000000000002,0.0,1,1
947,581949.4956661405,4512006.44322983,1.5869017839431763,18.830000000000002,0.0,1,1
948,581949.4956661405,4512056.44322983,1.8513121604919434,18.830000000000002,0.0,1,1
949,581949.4956661405,4512106.44322983,1.8307132720947266,18.830000000000002,0.0,1,1
950,581949.4956661405,4512156.44322983,1.5905141830444336,18.830000000000002,0.0,1,1
951,581949.4956661405,4512206.44322983,1.801282286643982,18.830000000000002,0.0,1,1
952,581949.4956661405,4512256.44322983,1.531106948852539,18.830000000000002,0.0,1,1
953,581949.4956661405,4512306.44322983,1.7751860618591309,18.830000000000002,0.0,1,1
954,581949.4956661405,4512356.44322983,1.0516453981399536,18.830000000000002,0.0,1,1
956,581999.4956661405,4509706.44322983,1.881171464920044,18.830000000000002,0.0,1,1
957,581999.4956661405,4509756.44322983,1.374647617340088,18.830000000000002,0.0,1,1
958,581999.4956661405,4509806.44322983,1.100367784500122,18.830000000000002,0.0,1,1
959,581999.4956661405,4509856.44322983,2.730828285217285,18.830000000000002,0.0,1,1
960,581999.4956661405,4509906.44322983,2.940000057220459,18.830000000000002,0.0,1,1
961,581999.4956661405,4509956.44322983,2.9537341594696045,18.830000000000002,0.0,1,1
962,581999.4956661405,4510006.44322983,3.0256948471069336,18.830000000000002,0.0,1,1
963,581999.4956661405,4510056.44322983,3.2268009185791016,18.830000000000002,7.809639827262581,0,0
964,581999.4956661405,4510106.44322983,3.5473809242248535,18.830000000000002,16.98581890261287,0,0
965,581999.4956661405,4510156.44322983,4.036684989929199,18.830000000000002,34.7509681655799,0,0
966,581999.4956661405,4510206.44322983,7.073437213897705,18.830000000000002,17.418582062038922,0,0
967,581999.4956661405,4510256.44322983,6.104532241821289,18.830000000000002,41.49194373003394,0,0
968,581999.4956661405,4510306.44322983,6.616147041320801,18.830000000000002,22.475063418465076,0,0
969,581999.4956661405,4510356.44322983,6.82899284362793,18.830000000000002,55.590959236238426,0,0
970,581999.4956661405,4510406.44322983,7.885143280029297,18.830000000000002,102.79952089841635,0,0
971,581999.4956661405,4510456.44322983,8.436073303222656,18.830000000000002,116.48189077421296,0,0
972,581999.4956661405,4510506.44322983,9.28161334991455,18.830000000000002,136.0512481477217,0,0
973,581999.4956661405,4510556.44322983,10.273655891418457,18.830000000000002,167.53365588574223,0,0
974,581999.4956661405,4510606.44322983,9.392602920532227,18.830000000000002,201.84058691151503,0,0
975,581999.4956661405,4510656.44322983,9.365188598632812,18.830000000000002,192.49311850456138,0,0
976,581999.4956661405,4510706.44322983,7.934711933135986,18.830000000000002,181.06449092401022,0,0
977,581999.4956661405,4510756.44322983,7.857729434967041,18.830000000000002,170.06729666389495,0,0
978,581999.4956661405,4510806.44322983,7.448816776275635,18.830000000000002,170.6581561027552,0,0
979,581999.4956661405,4510856.44322983,7.003811836242676,18.830000000000002,150.90774998626605,0,0
980,581999.4956661405,4510906.44322983,6.769730091094971,18.830000000000002,138.59686500530205,0,0
981,581999.4956661405,4510956.44322983,4.803338050842285,18.830000000000002,131.2159094797386,0,0
982,581999.4956661405,4511006.44322983,3.767637014389038,18.830000000000002,116.92078269575904,0,0
983,581999.4956661405,4511056.44322983,3.7474324703216553,18.830000000000002,104.44276319672623,0,0
984,581999.4956661405,4511106.44322983,4.163073539733887,18.830000000000002,98.8753220758209,0,0
985,581999.4956661405,4511156.44322983,3.744086980819702,18.830000000000002,112.89012774649856,0,0
986,581999.4956661405,4511206.44322983,3.7172493934631348,18.830000000000002,124.89514523140379,0,0
987,581999.4956661405,4511256.44322983,3.507354259490967,18.830000000000002,112.39772836967602,0,0
988,581999.4956661405,4511306.44322983,4.0850510597229,18.830000000000002,117.66582172704722,0,0
989,581999.4956661405,4511356.44322983,3.949652910232544,18.830000000000002,139.73351143518875,0,0
990,581999.4956661405,4511406.44322983,4.209854602813721,18.830000000000002,173.18314418434835,0,0
991,581999.4956661405,4511456.44322983,4.449647426605225,18.830000000000002,212.60090387641623,0,0
992,581999.4956661405,4511506.44322983,5.078056812286377,18.830000000000002,255.7457472345563,0,0
993,581999.4956661405,4511556.44322983,5.101016521453857,18.830000000000002,259.9680911637813,0,0
994,581999.4956661405,4511606.44322983,4.916131973266602,18.830000000000002,215.0303189369611,0,0
995,581999.4956661405,4511656.44322983,4.3175177574157715,18.830000000000002,172.89496146771398,0,0
996,581999.4956661405,4511706.44322983,4.056884765625,18.830000000000002,134.4289369203979,0,0
997,581999.4956661405,4511756.44322983,4.1907429695129395,18.830000000000002,104.83914472129634,0,0
998,581999.4956661405,4511806.44322983,3.454014301300049,18.830000000000002,89.41614735852463,0,0
999,581999.4956661405,4511856.44322983,2.855684280395508,18.830000000000002,53.26780484032197,0,0
1000,581999.4956661405,4511906.44322983,2.6971921920776367,18.830000000000002,15.884082904567931,0,0
1001,581999.4956661405,4511956.44322983,2.0033981800079346,18.830000000000002,0.0,1,1
1002,581999.4956661405,4512006.44322983,1.727533221244812,18.830000000000002,0.0,1,1
1003,581999.4956661405,4512056.44322983,2.227496862411499,18.830000000000002,0.0,1,1
1004,581999.4956661405,4512106.44322983,5.457794666290283,18.830000000000002,0.0,1,1
1005,581999.4956661405,4512156.44322983,1.8118315935134888,18.830000000000002,0.0,1,1
1006,581999.4956661405,4512206.44322983,2.9742019176483154,18.830000000000002,0.0,1,1
1007,581999.4956661405,4512256.44322983,1.5424739122390747,18.830000000000002,3.043886672742449,0,0
1008,581999.4956661405,4512306.44322983,1.8415284156799316,18.830000000000002,0.0,1,1
1009,581999.4956661405,4512356.44322983,1.3981133699417114,18.830000000000002,0.0,1,1
1010,582049.4956661405,4509706.44322983,1.7769205570220947,18.830000000000002,0.0,1,1
1011,582049.4956661405,4509756.44322983,1.0714075565338135,18.830000000000002,0.0,1,1
1012,582049.4956661405,4509806.44322983,0.8518816232681274,18.830000000000002,0.0,1,1
1013,582049.4956661405,4509856.44322983,1.9884130954742432,18.830000000000002,0.0,1,1
1014,582049.4956661405,4509906.44322983,1.871315836906433,18.830000000000002,0.0,1,1
1015,582049.4956661405,4509956.44322983,1.836907982826233,18.830000000000002,0.0,1,1
1016,582049.4956661405,4510006.44322983,2.0586888790130615,18.830000000000002,0.0,1,1
1017,582049.4956661405,4510056.44322983,3.386536121368408,18.830000000000002,0.0,1,1
1018,582049.4956661405,4510106.44322983,3.2560415267944336,18.830000000000002,0.0,1,1
1019,582049.4956661405,4510156.44322983,2.5465896129608154,18.830000000000002,0.0,1,1
1020,582049.4956661405,4510206.44322983,2.642810344696045,18.830000000000002,0.0,1,1
1021,582049.4956661405,4510256.44322983,3.117650270462036,18.830000000000002,9.364207234644871,0,0
1022,582049.4956661405,4510306.44322983,3.757061004638672,18.830000000000002,3.060884319608555,0,0
1023,582049.4956661405,4510356.44322983,4.615625858306885,18.830000000000002,46.013502954128576,0,0
1024,582049.4956661405,4510406.44322983,6.979676246643066,18.830000000000002,62.779673603371805,0,0
1025,582049.4956661405,4510456.44322983,7.247318744659424,18.830000000000002,68.664808378745,0,0
1026,582049.4956661405,4510506.44322983,9.768110275268555,18.830000000000002,96.82439452003524,0,0
1027,582049.4956661405,4510556.44322983,10.355542182922363,18.830000000000002,136.6171123560387,0,0
1028,582049.4956661405,4510606.44322983,10.446186065673828,18.830000000000002,169.1632995346787,0,0
1029,582049.4956661405,4510656.44322983,10.777464866638184,18.830000000000002,180.59606517557415,0,0
1030,582049.4956661405,4510706.44322983,10.573633193969727,18.830000000000002,198.21164687140387,0,0
1031,582049.4956661405,4510756.44322983,10.140416145324707,18.830000000000002,219.81696517445093,0,0
1032,582049.4956661405,4510806.44322983,9.549188613891602,18.830000000000002,217.23408027580993,0,0
1033,582049.4956661405,4510856.44322983,8.340744018554688,18.830000000000002,198.42782149265224,0,0
1034,582049.4956661405,4510906.44322983,7.382787227630615,18.830000000000002,188.23073126644502,0,0
1035,582049.4956661405,4510956.44322983,7.198081016540527,18.830000000000002,177.3682231633242,0,0
1036,582049.4956661405,4511006.44322983,6.504366397857666,18.830000000000002,165.92261245421656,0,0
1037,582049.4956661405,4511056.44322983,6.107933044433594,18.830000000000002,152.7585159919163,0,0
1038,582049.4956661405,4511106.44322983,6.236506938934326,18.830000000000002,148.78015550070222,0,0
1039,582049.4956661405,4511156.44322983,5.6965813636779785,18.830000000000002,158.82732550848027,0,0
1040,582049.4956661405,4511206.44322983,5.120148658752441,18.830000000000002,171.6321929300757,0,0
1041,582049.4956661405,4511256.44322983,4.466142177581787,18.830000000000002,162.34334243243828,0,0
1042,582049.4956661405,4511306.44322983,4.593364238739014,18.830000000000002,166.18347787434928,0,0
1043,582049.4956661405,4511356.44322983,4.4904608726501465,18.830000000000002,182.63111093956394,0,0
1044,582049.4956661405,4511406.44322983,4.865190029144287,18.830000000000002,209.84358769885267,0,0
1045,582049.4956661405,4511456.44322983,5.333857536315918,18.830000000000002,243.85684685567304,0,0
1046,582049.4956661405,4511506.44322983,5.569468021392822,18.830000000000002,282.2638918775896,0,0
1047,582049.4956661405,4511556.44322983,5.598328113555908,18.830000000000002,283.6171998935646,0,0
1048,582049.4956661405,4511606.44322983,5.003808498382568,18.830000000000002,242.83020669564632,0,0
1049,582049.4956661405,4511656.44322983,4.817573547363281,18.830000000000002,205.13597913317983,0,0
1050,582049.4956661405,4511706.44322983,4.07759952545166,18.830000000000002,173.44895063729876,0,0
1051,582049.4956661405,4511756.44322983,4.025673866271973,18.830000000000002,151.1300254873951,0,0
1052,582049.4956661405,4511806.44322983,3.5980021953582764,18.830000000000002,122.17871481777905,0,0
1053,582049.4956661405,4511856.44322983,3.2112672328948975,18.830000000000002,85.81005436188954,0,0
1054,582049.4956661405,4511906.44322983,2.785351037979126,18.830000000000002,59.80949814070278,0,0
1055,582049.4956661405,4511956.44322983,1.9115290641784668,18.830000000000002,31.72393901451882,0,0
1056,582049.4956661405,4512006.44322983,2.8965864181518555,18.830000000000002,14.450869183556776,0,0
1057,582049.4956661405,4512056.44322983,2.7361011505126953,18.830000000000002,0.0,1,1
1058,582049.4956661405,4512106.44322983,2.028961181640625,18.830000000000002,0.0,1,1
1059,582049.4956661405,4512156.44322983,1.6997690200805664,18.830000000000002,0.0,1,1
1060,582049.4956661405,4512206.44322983,2.3028202056884766,18.830000000000002,0.0,1,1
1061,582049.4956661405,4512256.44322983,2.313628673553467,18.830000000000002,0.0,1,1
1064,582099.4956661405,4509706.44322983,-1.2599999904632568,18.830000000000002,0.0,1,1
1065,582099.4956661405,4509756.44322983,1.6209444999694824,18.830000000000002,0.0,1,1
1066,582099.4956661405,4509806.44322983,1.6129193305969238,18.830000000000002,0.0,1,1
1067,582099.4956661405,4509856.44322983,1.2803999185562134,18.830000000000002,0.0,1,1
1068,582099.4956661405,4509906.44322983,1.1058783531188965,18.830000000000002,0.0,1,1
1070,582099.4956661405,4510006.44322983,3.4345688819885254,18.830000000000002,0.0,1,1
1071,582099.4956661405,4510056.44322983,3.178292989730835,18.830000000000002,0.0,1,1
1072,582099.4956661405,4510106.44322983,3.779184341430664,18.830000000000002,0.0,1,1
1073,582099.4956661405,4510156.44322983,3.5371956825256348,18.830000000000002,0.0,1,1
1074,582099.4956661405,4510206.44322983,3.52044677734375,18.830000000000002,0.0,1,1
1075,582099.4956661405,4510256.44322983,3.469846725463867,18.830000000000002,0.0,1,1
1076,582099.4956661405,4510306.44322983,3.0387649536132812,18.830000000000002,0.0,1,1
1077,582099.4956661405,4510356.44322983,4.406721591949463,18.830000000000002,20.296507552351194,0,0
1078,582099.4956661405,4510406.44322983,5.239691257476807,18.830000000000002,13.466865037147498,0,0
1079,582099.4956661405,4510456.44322983,6.143288612365723,18.830000000000002,26.122804097197676,0,0
1080,582099.4956661405,4510506.44322983,8.456135749816895,18.830000000000002,70.5100908255807,0,0
1081,582099.4956661405,4510556.44322983,9.68848991394043,18.830000000000002,103.89982912045042,0,0
1082,582099.4956661405,4510606.44322983,11.669652938842773,18.830000000000002,124.12220796278746,0,0
1083,582099.4956661405,4510656.44322983,12.478026390075684,18.830000000000002,132.7157652789007,0,0
1084,582099.4956661405,4510706.44322983,12.428297996520996,18.830000000000002,154.8879232146532,0,0
1085,582099.4956661405,4510756.44322983,11.339226722717285,18.830000000000002,182.47311832603762,0,0
1086,582099.4956661405,4510806.44322983,11.355841636657715,18.830000000000002,213.42699502562593,0,0
1087,582099.4956661405,4510856.44322983,9.947373390197754,18.830000000000002,246.45726508426114,0,0
1088,582099.4956661405,4510906.44322983,10.400008201599121,18.830000000000002,237.99132931272217,0,0
1089,582099.4956661405,4510956.44322983,9.262310981750488,18.830000000000002,224.93889736060953,0,0
1090,582099.4956661405,4511006.44322983,8.836606979370117,18.830000000000002,214.34489550746028,0,0
1091,582099.4956661405,4511056.44322983,7.090200901031494,18.830000000000002,201.76690511319575,0,0
1092,582099.4956661405,4511106.44322983,6.619881629943848,18.830000000000002,198.73283580231262,0,0
1093,582099.4956661405,4511156.44322983,6.569289684295654,18.830000000000002,206.65927928291228,0,0
1094,582099.4956661405,4511206.44322983,6.329188823699951,18.830000000000002,219.5616524875835,0,0
1095,582099.4956661405,4511256.44322983,6.08498477935791,18.830000000000002,212.31455984366303,0,0
1096,582099.4956661405,4511306.44322983,5.944520473480225,18.830000000000002,215.23033314878236,0,0
1097,582099.4956661405,4511356.44322983,5.968356609344482,18.830000000000002,228.43552952207455,0,0
1098,582099.4956661405,4511406.44322983,5.955953598022461,18.830000000000002,250.7249484262333,0,0
1099,582099.4956661405,4511456.44322983,5.985119819641113,18.830000000000002,280.25561257295834,0,0
1100,582099.4956661405,4511506.44322983,6.472753524780273,18.830000000000002,299.82777988463897,0,0
1101,582099.4956661405,4511556.44322983,6.485029697418213,18.830000000000002,277.53380192792116,0,0
1102,582099.4956661405,4511606.44322983,5.485402584075928,18.830000000000002,258.8997778518617,0,0
1103,582099.4956661405,4511656.44322983,5.745916843414307,18.830000000000002,243.26493929143857,0,0
1104,582099.4956661405,4511706.44322983,5.465450763702393,18.830000000000002,216.64158607042157,0,0
1105,582099.4956661405,4511756.44322983,4.887850284576416,18.830000000000002,192.19144560980195,0,0
1106,582099.4956661405,4511806.44322983,3.865432024002075,18.830000000000002,156.25189956925854,0,0
1107,582099.4956661405,4511856.44322983,3.597810745239258,18.830000000000002,112.63118002225907,0,0
1108,582099.4956661405,4511906.44322983,3.383354425430298,18.830000000000002,64.3502330731712,0,0
1109,582099.4956661405,4511956.44322983,2.5641326904296875,18.830000000000002,18.898320142221337,0,0
1110,582099.4956661405,4512006.44322983,2.827087163925171,18.830000000000002,0.0,1,1
1111,582099.4956661405,4512056.44322983,1.8996838331222534,18.830000000000002,0.0,1,1
1112,582099.4956661405,4512106.44322983,2.2011842727661133,18.830000000000002,0.0,1,1
1113,582099.4956661405,4512156.44322983,1.903639554977417,18.830000000000002,0.0,1,1
1114,582099.4956661405,4512206.44322983,0.25968384742736816,18.830000000000002,0.0,1,1
1116,582149.4956661405,4509656.44322983,-1.2699999809265137,18.830000000000002,0.0,1,1
1117,582149.4956661405,4509706.44322983,-1.2599999904632568,18.830000000000002,0.0,1,1
1118,582149.4956661405,4509756.44322983,-0.5425137281417847,18.830000000000002,0.0,1,1
1119,582149.4956661405,4509806.44322983,0.25838857889175415,18.830000000000002,0.0,1,1
1120,582149.4956661405,4509856.44322983,1.0709182024002075,18.830000000000002,0.0,1,1
1121,582149.4956661405,4509906.44322983,1.400974154472351,18.830000000000002,0.0,1,1
1123,582149.4956661405,4510006.44322983,3.4497039318084717,18.830000000000002,0.0,1,1
1124,582149.4956661405,4510056.44322983,3.5328683853149414,18.830000000000002,0.0,1,1
1127,582149.4956661405,4510206.44322983,4.066127300262451,18.830000000000002,0.0,1,1
1128,582149.4956661405,4510256.44322983,4.035226821899414,18.830000000000002,0.0,1,1
1129,582149.4956661405,4510306.44322983,3.852768898010254,18.830000000000002,0.0,1,1
1130,582149.4956661405,4510356.44322983,4.185125827789307,18.830000000000002,0.0,1,1
1131,582149.4956661405,4510406.44322983,4.495486259460449,18.830000000000002,0.0,1,1
1132,582149.4956661405,4510456.44322983,4.105327129364014,18.830000000000002,21.695456410841004,0,0
1133,582149.4956661405,4510506.44322983,6.600651741027832,18.830000000000002,37.70532609350377,0,0
1134,582149.4956661405,4510556.44322983,6.318178653717041,18.830000000000002,57.5173778261765,0,0
1135,582149.4956661405,4510606.44322983,11.387578964233398,18.830000000000002,75.16148476776101,0,0
1136,582149.4956661405,4510656.44322983,13.628908157348633,18.830000000000002,86.41714703174472,0,0
1137,582149.4956661405,4510706.44322983,14.379193305969238,18.830000000000002,113.44943999987461,0,0
1138,582149.4956661405,4510756.44322983,15.36373519897461,18.830000000000002,142.9115767519375,0,0
1139,582149.4956661405,4510806.44322983,19.641565322875977,18.830000000000002,176.79983280584457,0,0
1140,582149.4956661405,4510856.44322983,19.521665573120117,18.830000000000002,212.52067819860082,0,0
1141,582149.4956661405,4510906.44322983,19.380001068115234,18.830000000000002,249.82104380768126,0,0
1142,582149.4956661405,4510956.44322983,18.912805557250977,18.830000000000002,273.37799564613624,0,0
1143,582149.4956661405,4511006.44322983,12.335939407348633,18.830000000000002,262.34153125038756,0,0
1144,582149.4956661405,4511056.44322983,10.944465637207031,18.830000000000002,251.16648619961643,0,0
1145,582149.4956661405,4511106.44322983,9.2831392288208,18.830000000000002,248.70453429972838,0,0
1146,582149.4956661405,4511156.44322983,7.988405704498291,18.830000000000002,255.15064387584255,0,0
1147,582149.4956661405,4511206.44322983,7.78995418548584,18.830000000000002,262.6728008374981,0,0
1148,582149.4956661405,4511256.44322983,7.375093460083008,18.830000000000002,244.52812878138894,0,0
1149,582149.4956661405,4511306.44322983,6.959918022155762,18.830000000000002,232.93611378989357,0,0
1150,582149.4956661405,4511356.44322983,5.328475475311279,18.830000000000002,223.84156330034295,0,0
1151,582149.4956661405,4511406.44322983,5.345094680786133,18.830000000000002,224.38653762512,0,0
1152,582149.4956661405,4511456.44322983,5.6146464347839355,18.830000000000002,235.56657504885382,0,0
1153,582149.4956661405,4511506.44322983,6.144240379333496,18.830000000000002,255.77004993107502,0,0
1154,582149.4956661405,4511556.44322983,5.860961437225342,18.830000000000002,231.9962657535346,0,0
1155,582149.4956661405,4511606.44322983,5.792394638061523,18.830000000000002,213.320439462148,0,0
1156,582149.4956661405,4511656.44322983,5.367793560028076,18.830000000000002,195.56439019041738,0,0
1157,582149.4956661405,4511706.44322983,5.5551981925964355,18.830000000000002,185.20318457109366,0,0
1158,582149.4956661405,4511756.44322983,3.5821642875671387,18.830000000000002,170.15991773637492,0,0
1159,582149.4956661405,4511806.44322983,4.077335834503174,18.830000000000002,140.67918703642314,0,0
1160,582149.4956661405,4511856.44322983,3.7031686305999756,18.830000000000002,93.46727569374266,0,0
1161,582149.4956661405,4511906.44322983,3.063533067703247,18.830000000000002,50.7239651969718,0,0
1162,582149.4956661405,4511956.44322983,2.667515516281128,18.830000000000002,4.302202125326487,0,0
1163,582149.4956661405,4512006.44322983,2.4812521934509277,18.830000000000002,0.0,1,1
1164,582149.4956661405,4512056.44322983,1.8643509149551392,18.830000000000002,0.0,1,1
1167,582199.4956661405,4509656.44322983,-1.2599999904632568,18.830000000000002,0.0,1,1
1170,582199.4956661405,4509806.44322983,-1.215196967124939,18.830000000000002,0.0,1,1
1171,582199.4956661405,4509856.44322983,-0.5708334445953369,18.830000000000002,0.0,1,1
1174,582199.4956661405,4510006.44322983,3.5982322692871094,18.830000000000002,0.0,1,1
1175,582199.4956661405,4510056.44322983,3.152362108230591,18.830000000000002,0.0,1,1
1179,582199.4956661405,4510456.44322983,3.0277562141418457,18.830000000000002,0.0,1,1
1180,582199.4956661405,4510506.44322983,2.7623708248138428,18.830000000000002,0.0,1,1
1181,582199.4956661405,4510556.44322983,3.0335333347320557,18.830000000000002,12.613901379885927,0,0
1182,582199.4956661405,4510606.44322983,7.538450241088867,18.830000000000002,25.251492458825858,0,0
1183,582199.4956661405,4510656.44322983,8.115832328796387,18.830000000000002,44.237847860727975,0,0
1184,582199.4956661405,4510706.44322983,16.238067626953125,18.830000000000002,72.39615847824912,0,0
1185,582199.4956661405,4510756.44322983,18.882522583007812,18.830000000000002,106.1122873830899,0,0
1186,582199.4956661405,4510806.44322983,20.148561477661133,18.830000000000002,141.83349140042844,0,0
1187,582199.4956661405,4510856.44322983,19.94245147705078,18.830000000000002,179.48872238398516,0,0
1188,582199.4956661405,4510906.44322983,19.846946716308594,18.830000000000002,220.76307712474315,0,0
1189,582199.4956661405,4510956.44322983,18.888118743896484,18.830000000000002,261.4234685007152,0,0
1190,582199.4956661405,4511006.44322983,18.040491104125977,18.830000000000002,262.2466094371447,0,0
1191,582199.4956661405,4511056.44322983,18.171802520751953,18.830000000000002,239.0259555785351,0,0
1192,582199.4956661405,4511106.44322983,12.043954849243164,18.830000000000002,220.71605109852942,0,0
1193,582199.4956661405,4511156.44322983,11.460041999816895,18.830000000000002,211.78690238714623,0,0
1194,582199.4956661405,4511206.44322983,11.068266868591309,18.830000000000002,213.72041844736188,0,0
1195,582199.4956661405,4511256.44322983,7.990694522857666,18.830000000000002,197.9871986670029,0,0
1196,582199.4956661405,4511306.44322983,7.468777656555176,18.830000000000002,183.47795011449736,0,0
1197,582199.4956661405,4511356.44322983,6.1083455085754395,18.830000000000002,174.08315529643357,0,0
1198,582199.4956661405,4511406.44322983,5.390460014343262,18.830000000000002,174.84797796216677,0,0
1199,582199.4956661405,4511456.44322983,5.244775772094727,18.830000000000002,188.77578161877472,0,0
1200,582199.4956661405,4511506.44322983,5.931768894195557,18.830000000000002,213.45492003530077,0,0
1201,582199.4956661405,4511556.44322983,5.952575206756592,18.830000000000002,188.40046826195203,0,0
1202,582199.4956661405,4511606.44322983,5.386948108673096,18.830000000000002,166.07930889710812,0,0
1203,582199.4956661405,4511656.44322983,5.597927570343018,18.830000000000002,147.64701924315747,0,0
1204,582199.4956661405,4511706.44322983,5.008823394775391,18.830000000000002,138.6129776610059,0,0
1205,582199.4956661405,4511756.44322983,4.528131008148193,18.830000000000002,121.34918307177118,0,0
1206,582199.4956661405,4511806.44322983,3.4847097396850586,18.830000000000002,116.789721688235,0,0
1207,582199.4956661405,4511856.44322983,3.472214937210083,18.830000000000002,75.1598504219779,0,0
1208,582199.4956661405,4511906.44322983,2.9285361766815186,18.830000000000002,33.61462380454946,0,0
1209,582199.4956661405,4511956.44322983,2.266650915145874,18.830000000000002,0.0,1,1
1210,582199.4956661405,4512006.44322983,2.246072292327881,18.830000000000002,0.0,1,1
1211,582199.4956661405,4512056.44322983,-1.2000000476837158,18.830000000000002,0.0,1,1
1212,582249.4956661405,4509656.44322983,-1.2599999904632568,18.830000000000002,0.0,1,1
1216,582249.4956661405,4509956.44322983,3.1202309131622314,18.830000000000002,0.0,1,1
1217,582249.4956661405,4510006.44322983,3.7200863361358643,18.830000000000002,0.0,1,1
1220,582249.4956661405,4510506.44322983,1.8092303276062012,18.830000000000002,0.0,1,1
1221,582249.4956661405,4510556.44322983,2.974430799484253,18.830000000000002,0.0,1,1
1222,582249.4956661405,4510606.44322983,2.940330982208252,18.830000000000002,0.0,1,1
1223,582249.4956661405,4510656.44322983,3.1493005752563477,18.830000000000002,2.2312229581140066,0,0
1224,582249.4956661405,4510706.44322983,15.934602737426758,18.830000000000002,35.42474196033521,0,0
1225,582249.4956661405,4510756.44322983,21.65375518798828,18.830000000000002,71.19192033673238,0,0
1226,582249.4956661405,4510806.44322983,23.14215087890625,18.830000000000002,109.64419271858945,0,0
1227,582249.4956661405,4510856.44322983,21.829952239990234,18.830000000000002,150.91049663040712,0,0
1228,582249.4956661405,4510906.44322983,20.71279525756836,18.830000000000002,191.88256282045444,0,0
1229,582249.4956661405,4510956.44322983,21.968652725219727,18.830000000000002,233.15548889900302,0,0
1230,582249.4956661405,4511006.44322983,19.14302635192871,18.830000000000002,215.91004902699484,0,0
1231,582249.4956661405,4511056.44322983,21.17220687866211,18.830000000000002,194.68994891191073,0,0
1232,582249.4956661405,4511106.44322983,17.753137588500977,18.830000000000002,173.06677487456253,0,0
1233,582249.4956661405,4511156.44322983,15.649036407470703,18.830000000000002,161.96720624806943,0,0
1234,582249.4956661405,4511206.44322983,12.905659675598145,18.830000000000002,164.43222312610015,0,0
1235,582249.4956661405,4511256.44322983,9.657190322875977,18.830000000000002,151.83095674808465,0,0
1236,582249.4956661405,4511306.44322983,8.233067512512207,18.830000000000002,134.4212901623018,0,0
1237,582249.4956661405,4511356.44322983,5.719410419464111,18.830000000000002,124.51845026012397,0,0
1238,582249.4956661405,4511406.44322983,5.0951361656188965,18.830000000000002,125.67542531269709,0,0
1239,582249.4956661405,4511456.44322983,5.136029243469238,18.830000000000002,144.15609654576306,0,0
1240,582249.4956661405,4511506.44322983,4.948604106903076,18.830000000000002,165.54612420706343,0,0
1241,582249.4956661405,4511556.44322983,4.42837381362915,18.830000000000002,147.97482835515694,0,0
1242,582249.4956661405,4511606.44322983,3.1729519367218018,18.830000000000002,120.19455100647284,0,0
1243,582249.4956661405,4511656.44322983,2.2969582080841064,18.830000000000002,101.53574319573262,0,0
1244,582249.4956661405,4511706.44322983,4.016774654388428,18.830000000000002,88.64678744776245,0,0
1245,582249.4956661405,4511756.44322983,3.4639453887939453,18.830000000000002,73.63578653230418,0,0
1246,582249.4956661405,4511806.44322983,3.0003130435943604,18.830000000000002,67.05864399303793,0,0
1247,582249.4956661405,4511856.44322983,3.0831003189086914,18.830000000000002,55.43175375997187,0,0
1248,582249.4956661405,4511906.44322983,2.745727300643921,18.830000000000002,6.430820647884016,0,0
1249,582249.4956661405,4511956.44322983,2.6099777221679688,18.830000000000002,0.0,1,1
1250,582249.4956661405,4512006.44322983,3.3267481327056885,18.830000000000002,0.0,1,1
1253,582299.4956661405,4509956.44322983,3.4573261737823486,18.830000000000002,0.0,1,1
1254,582299.4956661405,4510006.44322983,3.6192619800567627,18.830000000000002,0.0,1,1
1257,582299.4956661405,4510556.44322983,2.710893154144287,18.830000000000002,0.0,1,1
1258,582299.4956661405,4510606.44322983,2.9239509105682373,18.830000000000002,0.0,1,1
1259,582299.4956661405,4510656.44322983,2.432185411453247,18.830000000000002,0.0,1,1
1260,582299.4956661405,4510706.44322983,2.936917781829834,18.830000000000002,0.5978963414644394,0,0
1261,582299.4956661405,4510756.44322983,20.293493270874023,18.830000000000002,41.16681561172373,0,0
1262,582299.4956661405,4510806.44322983,24.488147735595703,18.830000000000002,81.16686129767275,0,0
1263,582299.4956661405,4510856.44322983,27.041778564453125,18.830000000000002,122.34165714019369,0,0
1264,582299.4956661405,4510906.44322983,26.164146423339844,18.830000000000002,163.74092353850946,0,0
1265,582299.4956661405,4510956.44322983,25.654491424560547,18.830000000000002,195.80512767177913,0,0
1266,582299.4956661405,4511006.44322983,26.52558135986328,18.830000000000002,171.47991879568355,0,0
1267,582299.4956661405,4511056.44322983,24.792095184326172,18.830000000000002,151.24732533038738,0,0
1268,582299.4956661405,4511106.44322983,21.80854034423828,18.830000000000002,127.23032482995623,0,0
1269,582299.4956661405,4511156.44322983,16.873502731323242,18.830000000000002,112.30787940686402,0,0
1270,582299.4956661405,4511206.44322983,12.037227630615234,18.830000000000002,115.7561866297768,0,0
1271,582299.4956661405,4511256.44322983,9.830299377441406,18.830000000000002,104.9136611268268,0,0
1272,582299.4956661405,4511306.44322983,8.576996803283691,18.830000000000002,86.452347102768,0,0
1273,582299.4956661405,4511356.44322983,4.661717414855957,18.830000000000002,75.52975541072357,0,0
1274,582299.4956661405,4511406.44322983,4.163714408874512,18.830000000000002,77.45293703498966,0,0
1275,582299.4956661405,4511456.44322983,4.853682041168213,18.830000000000002,104.52590404700358,0,0
1276,582299.4956661405,4511506.44322983,3.939281702041626,18.830000000000002,116.20760641623208,0,0
1277,582299.4956661405,4511556.44322983,3.92142391204834,18.830000000000002,104.63536455514874,0,0
1278,582299.4956661405,4511606.44322983,3.259397506713867,18.830000000000002,77.59460197432867,0,0
1279,582299.4956661405,4511656.44322983,3.578660011291504,18.830000000000002,55.73444982318884,0,0
1280,582299.4956661405,4511706.44322983,3.5445737838745117,18.830000000000002,38.74744980688273,0,0
1281,582299.4956661405,4511756.44322983,2.463925838470459,18.830000000000002,30.78855827597354,0,0
1282,582299.4956661405,4511806.44322983,2.1376075744628906,18.830000000000002,18.811814807578145,0,0
1283,582299.4956661405,4511856.44322983,2.614433765411377,18.830000000000002,22.254691946082232,0,0
1284,582299.4956661405,4511906.44322983,2.4146153926849365,18.830000000000002,0.0,1,1
1285,582299.4956661405,4511956.44322983,3.1052613258361816,18.830000000000002,0.0,1,1
1286,582299.4956661405,4512006.44322983,2.813115119934082,18.830000000000002,0.0,1,1
1292,582349.4956661405,4510706.44322983,2.217550754547119,18.830000000000002,0.0,1,1
1293,582349.4956661405,4510756.44322983,6.474660873413086,18.830000000000002,11.625955617411979,0,0
1294,582349.4956661405,4510806.44322983,20.82151985168457,18.830000000000002,52.8807872170971,0,0
1295,582349.4956661405,4510856.44322983,28.125268936157227,18.830000000000002,94.92083757474265,0,0
1296,582349.4956661405,4510906.44322983,28.885299682617188,18.830000000000002,136.55539357566747,0,0
1297,582349.4956661405,4510956.44322983,28.101064682006836,18.830000000000002,152.44159789615676,0,0
1298,582349.4956661405,4511006.44322983,27.36773681640625,18.830000000000002,127.47358057027563,0,0
1299,582349.4956661405,4511056.44322983,25.558319091796875,18.830000000000002,104.26579176413772,0,0
1300,582349.4956661405,4511106.44322983,22.685646057128906,18.830000000000002,82.93220126643487,0,0
1301,582349.4956661405,4511156.44322983,14.700994491577148,18.830000000000002,63.14794639417867,0,0
1302,582349.4956661405,4511206.44322983,10.722681999206543,18.830000000000002,69.00024263684767,0,0
1303,582349.4956661405,4511256.44322983,8.996721267700195,18.830000000000002,62.273343050636555,0,0
1304,582349.4956661405,4511306.44322983,4.764721393585205,18.830000000000002,42.3313295326716,0,0
1305,582349.4956661405,4511356.44322983,4.2292094230651855,18.830000000000002,29.41955869040041,0,0
1306,582349.4956661405,4511406.44322983,3.446134328842163,18.830000000000002,33.81777492500227,0,0
1307,582349.4956661405,4511456.44322983,4.202342987060547,18.830000000000002,75.81146142845243,0,0
1308,582349.4956661405,4511506.44322983,3.838186264038086,18.830000000000002,67.84333624842948,0,0
1309,582349.4956661405,4511556.44322983,3.07081937789917,18.830000000000002,56.055057593411995,0,0
1310,582349.4956661405,4511606.44322983,3.4027717113494873,18.830000000000002,39.659071894600025,0,0
1311,582349.4956661405,4511656.44322983,3.8037872314453125,18.830000000000002,8.412077988033616,0,0
1312,582349.4956661405,4511706.44322983,3.3613502979278564,18.830000000000002,0.0,1,1
1313,582349.4956661405,4511756.44322983,2.951539993286133,18.830000000000002,0.0,1,1
1314,582349.4956661405,4511806.44322983,2.9563136100769043,18.830000000000002,0.0,1,1
1315,582349.4956661405,4511856.44322983,3.079871416091919,18.830000000000002,0.0,1,1
1316,582349.4956661405,4511906.44322983,2.082125425338745,18.830000000000002,0.0,1,1
1317,582349.4956661405,4511956.44322983,2.0858654975891113,18.830000000000002,0.0,1,1
1318,582349.4956661405,4512006.44322983,2.1256625652313232,18.830000000000002,0.0,1,1
1319,582399.4956661405,4510706.44322983,0.9525176286697388,18.830000000000002,0.0,1,1
1320,582399.4956661405,4510756.44322983,2.2860655784606934,18.830000000000002,0.0,1,1
1321,582399.4956661405,4510806.44322983,18.754201889038086,18.830000000000002,25.74611465452853,0,0
1322,582399.4956661405,4510856.44322983,29.219087600708008,18.830000000000002,67.09027072909008,0,0
1323,582399.4956661405,4510906.44322983,30.108179092407227,18.830000000000002,101.09400334489509,0,0
1324,582399.4956661405,4510956.44322983,28.708358764648438,18.830000000000002,110.55687810577714,0,0
1325,582399.4956661405,4511006.44322983,26.391542434692383,18.830000000000002,84.23120196972984,0,0
1326,582399.4956661405,4511056.44322983,22.707225799560547,18.830000000000002,59.76721573698241,0,0
1327,582399.4956661405,4511106.44322983,18.04652214050293,18.830000000000002,41.00999863050356,0,0
1328,582399.4956661405,4511156.44322983,3.2158942222595215,18.830000000000002,15.434870659087686,0,0
1329,582399.4956661405,4511206.44322983,3.1347572803497314,18.830000000000002,24.135756192727516,0,0
1330,582399.4956661405,4511256.44322983,3.0532634258270264,18.830000000000002,16.532064371497984,0,0
1331,582399.4956661405,4511306.44322983,3.635965585708618,18.830000000000002,0.0,1,1
1332,582399.4956661405,4511356.44322983,3.384342908859253,18.830000000000002,0.0,1,1
1333,582399.4956661405,4511406.44322983,2.8531501293182373,18.830000000000002,5.8783746953734095,0,0
1334,582399.4956661405,4511456.44322983,3.121946334838867,18.830000000000002,32.407765831569264,0,0
1335,582399.4956661405,4511506.44322983,2.7678966522216797,18.830000000000002,23.78195826819907,0,0
1336,582399.4956661405,4511556.44322983,3.003389596939087,18.830000000000002,8.562796257986866,0,0
1337,582399.4956661405,4511606.44322983,3.228973388671875,18.830000000000002,0.0,1,1
1338,582399.4956661405,4511656.44322983,4.038337707519531,18.830000000000002,0.0,1,1
1339,582399.4956661405,4511706.44322983,3.4200000762939453,18.830000000000002,0.0,1,1
1340,582399.4956661405,4511756.44322983,3.3260390758514404,18.830000000000002,0.0,1,1
1341,582399.4956661405,4511806.44322983,3.069999933242798,18.830000000000002,0.0,1,1
1342,582399.4956661405,4511856.44322983,3.15868878364563,18.830000000000002,0.0,1,1
1343,582399.4956661405,4511906.44322983,2.7855517864227295,18.830000000000002,0.0,1,1
1344,582399.4956661405,4511956.44322983,1.4098321199417114,18.830000000000002,0.0,1,1
1345,582399.4956661405,4512006.44322983,1.593752145767212,18.830000000000002,0.0,1,1
1349,582449.4956661405,4510806.44322983,2.3201487064361572,18.830000000000002,0.0,1,1
1350,582449.4956661405,4510856.44322983,16.298622131347656,18.830000000000002,38.30080413705257,0,0
1351,582449.4956661405,4510906.44322983,24.407827377319336,18.830000000000002,51.82919766550185,0,0
1352,582449.4956661405,4510956.44322983,23.94978904724121,18.830000000000002,61.335384579082785,0,0
1353,582449.4956661405,4511006.44322983,21.813308715820312,18.830000000000002,41.01204562869456,0,0
1354,582449.4956661405,4511056.44322983,3.810173511505127,18.830000000000002,15.854937285542789,0,0
1355,582449.4956661405,4511106.44322983,2.511298894882202,18.830000000000002,0.0,1,1
1356,582449.4956661405,4511156.44322983,2.555856704711914,18.830000000000002,0.0,1,1
1357,582449.4956661405,4511206.44322983,2.262563705444336,18.830000000000002,0.0,1,1
1359,582449.4956661405,4511306.44322983,2.548074960708618,18.830000000000002,0.0,1,1
1360,582449.4956661405,4511356.44322983,2.3814637660980225,18.830000000000002,0.0,1,1
1363,582449.4956661405,4511506.44322983,1.5137816667556763,18.830000000000002,0.0,1,1
1364,582449.4956661405,4511556.44322983,-1.2100000381469727,18.830000000000002,0.0,1,1
1366,582449.4956661405,4511656.44322983,0.35561907291412354,18.830000000000002,0.0,1,1
1367,582449.4956661405,4511706.44322983,3.095818519592285,18.830000000000002,0.0,1,1
1369,582449.4956661405,4511806.44322983,2.8884010314941406,18.830000000000002,0.0,1,1
1370,582449.4956661405,4511856.44322983,2.902766704559326,18.830000000000002,0.0,1,1
1373,582449.4956661405,4512006.44322983,-1.2000000476837158,18.830000000000002,0.0,1,1
1374,582449.4956661405,4512056.44322983,0.12996040284633636,18.830000000000002,0.0,1,1
1378,582499.4956661405,4510906.44322983,2.1988179683685303,18.830000000000002,2.684159264452618,0,0
1379,582499.4956661405,4510956.44322983,2.1869709491729736,18.830000000000002,11.919895307894235,0,0
1380,582499.4956661405,4511006.44322983,2.5439281463623047,18.830000000000002,2.495038518732816,0,0
1381,582499.4956661405,4511056.44322983,2.2362289428710938,18.830000000000002,0.0,1,1
1382,582499.4956661405,4511106.44322983,1.513960599899292,18.830000000000002,0.0,1,1
1385,582499.4956661405,4511306.44322983,2.091156244277954,18.830000000000002,0.0,1,1
1386,582499.4956661405,4511356.44322983,1.1184815168380737,18.830000000000002,0.0,1,1
1394,582499.4956661405,4511856.44322983,-1.2000000476837158,18.830000000000002,0.0,1,1
1403,582549.4956661405,4511656.44322983,-1.2011396884918213,18.830000000000002,0.0,1,1
1404,582549.4956661405,4511756.44322983,-1.2000000476837158,18.830000000000002,0.0,1,1
1405,582549.4956661405,4511856.44322983,-1.2000000476837158,18.830000000000002,0.0,1,1
1406,582549.4956661405,4511956.44322983,-1.2000000476837158,18.830000000000002,0.0,1,1
1417,582599.4956661405,4511956.44322983,-1.2000000476837158,18.830000000000002,0.0,1,1
