cell_id,centroid_x,centroid_y,elevation_m,rainfall_inches,dist_to_flood_zone_m,in_fema_flood_zone,flooded,label,rf_prediction,rf_probability,xgb_prediction,xgb_probability
1,580749.4956661405,4510056.44322983,1.442964792251587,18.83,0.0,1,1,1,1,0.9999731182795699,1,0.9925242
2,580749.4956661405,4510106.44322983,1.343903660774231,18.83,0.0,1,1,1,1,0.9999731182795699,1,0.99231076
4,580749.4956661405,4510206.44322983,1.9245613813400269,18.83,0.0,1,1,1,1,0.9999704142011834,1,0.99149346
5,580749.4956661405,4510256.44322983,1.2888524532318115,18.83,0.0,1,1,1,1,0.9999731182795699,1,0.9921591
6,580749.4956661405,4510306.44322983,1.553364396095276,18.83,0.0,1,1,1,1,0.9345534941249227,1,0.8698839
7,580749.4956661405,4510356.44322983,2.141807079315185,18.83,0.0,1,1,1,1,0.9987291669689412,1,0.96966165
11,580799.4956661405,4510006.44322983,1.6678131818771362,18.83,0.0,1,1,1,1,1.0,1,0.97986585
12,580799.4956661405,4510056.44322983,1.952783226966858,18.83,0.0,1,1,1,1,0.9999704142011834,1,0.99149346
13,580799.4956661405,4510106.44322983,1.5899863243103027,18.83,0.0,1,1,1,1,1.0,1,0.97589475
14,580799.4956661405,4510156.44322983,1.8208961486816408,18.83,0.0,1,1,1,1,0.9999704142011834,1,0.99149346
15,580799.4956661405,4510206.44322983,0.8058110475540161,18.83,0.0,1,1,1,1,0.9998333333333334,1,0.9875996
16,580799.4956661405,4510256.44322983,0.7001855373382568,18.83,0.0,1,1,1,1,0.9998333333333334,1,0.9875996
17,580799.4956661405,4510306.44322983,1.34019672870636,18.83,0.0,1,1,1,1,0.9999731182795699,1,0.99231076
18,580799.4956661405,4510356.44322983,2.008763074874878,18.83,0.0,1,1,1,1,0.9999704142011834,1,0.99149346
19,580799.4956661405,4510406.44322983,2.3740525245666504,18.83,0.0,1,1,1,1,0.9238114875174773,1,0.68862534
21,580849.4956661405,4509906.44322983,5.965729713439941,18.83,10.748417663267912,0,0,0,0,0.0,0,0.0037584694
22,580849.4956661405,4509956.44322983,1.6698713302612305,18.83,0.0,1,1,1,1,1.0,1,0.97986585
23,580849.4956661405,4510006.44322983,1.1731915473937988,18.83,0.0,1,1,1,1,0.9999731182795699,1,0.99168444
24,580849.4956661405,4510056.44322983,1.2213119268417358,18.83,0.0,1,1,1,1,0.9999731182795699,1,0.9918779
25,580849.4956661405,4510106.44322983,1.3723251819610596,18.83,0.0,1,1,1,1,0.9999731182795699,1,0.99236166
26,580849.4956661405,4510156.44322983,1.2865872383117676,18.83,0.0,1,1,1,1,0.9999731182795699,1,0.9921591
27,580849.4956661405,4510206.44322983,0.9099674820899964,18.83,0.0,1,1,1,1,0.9998333333333334,1,0.9875996
28,580849.4956661405,4510256.44322983,1.1257225275039673,18.83,0.0,1,1,1,1,0.9998333333333334,1,0.9875996
29,580849.4956661405,4510306.44322983,2.9056742191314697,18.83,0.0,1,1,1,0,0.3810117563687023,0,0.27002326
30,580849.4956661405,4510356.44322983,2.0813148021698,18.83,0.0,1,1,1,1,0.9937291669689412,1,0.9251266
31,580849.4956661405,4510406.44322983,1.2046313285827637,18.83,0.0,1,1,1,1,0.9999731182795699,1,0.9918779
32,580849.4956661405,4510456.44322983,1.8864470720291135,18.83,0.0,1,1,1,1,0.9999704142011834,1,0.99149346
38,580899.4956661405,4509906.44322983,1.7681528329849243,18.83,0.0,1,1,1,1,0.9999704142011834,1,0.99096453
39,580899.4956661405,4509956.44322983,1.0750786066055298,18.83,0.0,1,1,1,1,0.9998333333333334,1,0.9875996
40,580899.4956661405,4510006.44322983,1.3452194929122925,18.83,0.0,1,1,1,1,0.9999731182795699,1,0.99231076
41,580899.4956661405,4510056.44322983,1.012273192405701,18.83,0.0,1,1,1,1,0.9998333333333334,1,0.9875996
42,580899.4956661405,4510106.44322983,1.2443852424621582,18.83,0.0,1,1,1,1,0.9999731182795699,1,0.9918779
43,580899.4956661405,4510156.44322983,1.2912698984146118,18.83,0.0,1,1,1,1,0.9999731182795699,1,0.9921591
44,580899.4956661405,4510206.44322983,1.4640648365020752,18.83,0.0,1,1,1,1,0.7549731182795699,1,0.9149738
45,580899.4956661405,4510256.44322983,1.1855158805847168,18.83,0.0,1,1,1,1,0.9999731182795699,1,0.9918779
46,580899.4956661405,4510306.44322983,0.7582529187202454,18.83,0.0,1,1,1,1,0.9998333333333334,1,0.9875996
47,580899.4956661405,4510356.44322983,0.8087819814682007,18.83,0.0,1,1,1,1,0.9998333333333334,1,0.9875996
48,580899.4956661405,4510406.44322983,0.5787246823310852,18.83,0.0,1,1,1,1,0.9998333333333334,1,0.9875996
49,580899.4956661405,4510456.44322983,1.1725245714187622,18.83,0.0,1,1,1,1,0.9999731182795699,1,0.99168444
50,580899.4956661405,4510506.44322983,2.060786247253418,18.83,0.0,1,1,1,1,0.9842331095788491,1,0.7246365
51,580899.4956661405,4510556.44322983,1.923088908195496,18.83,0.0,1,1,1,1,0.9999704142011834,1,0.99149346
52,580899.4956661405,4510606.44322983,2.1751396656036377,18.83,0.0,1,1,1,1,0.9937291669689412,1,0.96838224
53,580899.4956661405,4510656.44322983,2.546804904937744,18.83,0.0,1,1,1,1,0.8821612048011477,1,0.63720137
54,580899.4956661405,4510706.44322983,1.9470758438110352,18.83,0.0,1,1,1,1,0.9999704142011834,1,0.99149346
59,580949.4956661405,4509956.44322983,1.490339279174805,18.83,0.0,1,1,1,1,0.9995119502922695,1,0.95868194
60,580949.4956661405,4510006.44322983,1.5080697536468506,18.83,0.0,1,1,1,1,0.9995119502922695,1,0.95868194
61,580949.4956661405,4510056.44322983,1.7765617370605469,18.83,0.0,1,1,1,1,0.9999704142011834,1,0.99096453
62,580949.4956661405,4510106.44322983,1.548613667488098,18.83,0.0,1,1,1,1,0.970386827458256,1,0.8698839
63,580949.4956661405,4510156.44322983,1.4039702415466309,18.83,0.0,1,1,1,1,0.9999731182795699,1,0.99304754
64,580949.4956661405,4510206.44322983,1.2904044389724731,18.83,0.0,1,1,1,1,0.9999731182795699,1,0.9921591
65,580949.4956661405,4510256.44322983,1.1275017261505127,18.83,0.0,1,1,1,1,0.9998333333333334,1,0.9875996
66,580949.4956661405,4510306.44322983,1.3590539693832395,18.83,0.0,1,1,1,1,0.9999731182795699,1,0.99236166
67,580949.4956661405,4510356.44322983,1.5437744855880735,18.83,0.0,1,1,1,1,0.9513868274582559,1,0.7480996
68,580949.4956661405,4510406.44322983,1.0040122270584106,18.83,0.0,1,1,1,1,0.9998333333333334,1,0.9875996
69,580949.4956661405,4510456.44322983,1.512173414230347,18.83,0.0,1,1,1,1,0.9995119502922695,1,0.95868194
70,580949.4956661405,4510506.44322983,1.1745165586471558,18.83,0.0,1,1,1,1,0.9999731182795699,1,0.99168444
71,580949.4956661405,4510556.44322983,1.029336929321289,18.83,0.0,1,1,1,1,0.9998333333333334,1,0.9875996
72,580949.4956661405,4510606.44322983,1.7486422061920166,18.83,0.0,1,1,1,1,0.93,1,0.9457222
73,580949.4956661405,4510656.44322983,1.935720682144165,18.83,0.0,1,1,1,1,0.9999704142011834,1,0.99149346
74,580949.4956661405,4510706.44322983,1.4380477666854858,18.83,0.0,1,1,1,1,0.9999731182795699,1,0.99304754
75,580949.4956661405,4510756.44322983,2.5130980014801025,18.83,0.0,1,1,1,1,0.8737472612178494,1,0.7251321
76,580949.4956661405,4510806.44322983,2.397957563400269,18.83,0.0,1,1,1,1,0.9886790920491686,1,0.903018
77,580949.4956661405,4510856.44322983,2.4009814262390137,18.83,0.0,1,1,1,1,0.9886790920491686,1,0.903018
80,580999.4956661405,4509956.44322983,1.3260064125061035,18.83,0.0,1,1,1,1,0.9999731182795699,1,0.99231076
81,580999.4956661405,4510006.44322983,1.2124096155166626,18.83,0.0,1,1,1,1,0.9999731182795699,1,0.9918779
82,580999.4956661405,4510056.44322983,1.3571600914001465,18.83,0.0,1,1,1,1,0.9999731182795699,1,0.99236166
83,580999.4956661405,4510106.44322983,1.18447744846344,18.83,0.0,1,1,1,1,0.9999731182795699,1,0.99168444
84,580999.4956661405,4510156.44322983,1.1614348888397217,18.83,0.0,1,1,1,1,0.9999731182795699,1,0.99168444
85,580999.4956661405,4510206.44322983,1.2244006395339966,18.83,0.0,1,1,1,1,0.9999731182795699,1,0.9918779
86,580999.4956661405,4510256.44322983,1.481427788734436,18.83,0.0,1,1,1,1,0.9995119502922695,1,0.9609657
87,580999.4956661405,4510306.44322983,1.544060468673706,18.83,0.0,1,1,1,1,0.9513868274582559,1,0.7480996
88,580999.4956661405,4510356.44322983,1.1790040731430054,18.83,0.0,1,1,1,1,0.9999731182795699,1,0.99168444
89,580999.4956661405,4510406.44322983,1.1841530799865725,18.83,0.0,1,1,1,1,0.9999731182795699,1,0.99168444
90,580999.4956661405,4510456.44322983,1.631440281867981,18.83,0.0,1,1,1,1,1.0,1,0.97986585
91,580999.4956661405,4510506.44322983,1.004753351211548,18.83,0.0,1,1,1,1,0.9998333333333334,1,0.9875996
92,580999.4956661405,4510556.44322983,1.5488286018371582,18.83,0.0,1,1,1,1,0.970386827458256,1,0.8698839
93,580999.4956661405,4510606.44322983,1.8635696172714236,18.83,0.0,1,1,1,1,0.9999704142011834,1,0.99149346
94,580999.4956661405,4510656.44322983,0.9225099682807922,18.83,0.0,1,1,1,1,0.9998333333333334,1,0.9875996
95,580999.4956661405,4510706.44322983,1.1814905405044556,18.83,0.0,1,1,1,1,0.9999731182795699,1,0.99168444
96,580999.4956661405,4510756.44322983,1.0913320779800415,18.83,0.0,1,1,1,1,0.9998333333333334,1,0.9875996
97,580999.4956661405,4510806.44322983,1.868401408195496,18.83,0.0,1,1,1,1,0.9999704142011834,1,0.99149346
98,580999.4956661405,4510856.44322983,2.200908899307251,18.83,0.0,1,1,1,1,0.99711542642099,1,0.810939
99,580999.4956661405,4510906.44322983,2.347608089447021,18.83,0.0,1,1,1,1,0.7632112497010628,1,0.62156546
103,581049.4956661405,4509956.44322983,1.8329941034317017,18.83,0.0,1,1,1,1,0.9999704142011834,1,0.99149346
104,581049.4956661405,4510006.44322983,1.622860312461853,18.83,0.0,1,1,1,1,1.0,1,0.9783733
105,581049.4956661405,4510056.44322983,1.636143445968628,18.83,0.0,1,1,1,1,1.0,1,0.97986585
106,581049.4956661405,4510106.44322983,1.279662847518921,18.83,0.0,1,1,1,1,0.9999731182795699,1,0.9921591
107,581049.4956661405,4510156.44322983,1.4317028522491455,18.83,0.0,1,1,1,1,0.9999731182795699,1,0.99304754
108,581049.4956661405,4510206.44322983,1.0834124088287354,18.83,0.0,1,1,1,1,0.9998333333333334,1,0.9875996
109,581049.4956661405,4510256.44322983,1.1838157176971436,18.83,0.0,1,1,1,1,0.9999731182795699,1,0.99168444
110,581049.4956661405,4510306.44322983,1.632746934890747,18.83,0.0,1,1,1,1,1.0,1,0.97986585
111,581049.4956661405,4510356.44322983,1.6527316570281982,18.83,0.0,1,1,1,1,1.0,1,0.97986585
112,581049.4956661405,4510406.44322983,1.0940091609954834,18.83,0.0,1,1,1,1,0.9998333333333334,1,0.9875996
113,581049.4956661405,4510456.44322983,2.150510311126709,18.83,0.0,1,1,1,1,0.9987291669689412,1,0.96966165
114,581049.4956661405,4510506.44322983,1.1044418811798096,18.83,0.0,1,1,1,1,0.9998333333333334,1,0.9875996
115,581049.4956661405,4510556.44322983,0.947277307510376,18.83,0.0,1,1,1,1,0.9998333333333334,1,0.9875996
116,581049.4956661405,4510606.44322983,0.9506770372390748,18.83,0.0,1,1,1,1,0.9998333333333334,1,0.9875996
117,581049.4956661405,4510656.44322983,0.8277058005332947,18.83,0.0,1,1,1,1,0.9998333333333334,1,0.9875996
118,581049.4956661405,4510706.44322983,1.3507932424545288,18.83,0.0,1,1,1,1,0.9999731182795699,1,0.99231076
119,581049.4956661405,4510756.44322983,1.3350318670272827,18.83,0.0,1,1,1,1,0.9999731182795699,1,0.99231076
120,581049.4956661405,4510806.44322983,2.437086582183838,18.83,0.0,1,1,1,0,0.4954791090256562,1,0.6583585
121,581049.4956661405,4510856.44322983,2.228783130645752,18.83,0.0,1,1,1,1,0.9541113543572014,1,0.94678116
122,581049.4956661405,4510906.44322983,1.7659062147140503,18.83,0.0,1,1,1,1,0.9999704142011834,1,0.99096453
123,581049.4956661405,4510956.44322983,1.8189603090286253,18.83,0.0,1,1,1,1,0.9999704142011834,1,0.99149346
124,581049.4956661405,4511006.44322983,1.7807639837265017,18.83,0.0,1,1,1,1,0.9999704142011834,1,0.99149346
126,581099.4956661405,4509956.44322983,1.3538092374801636,18.83,0.0,1,1,1,1,0.9999731182795699,1,0.99231076
127,581099.4956661405,4510006.44322983,1.285294532775879,18.83,0.0,1,1,1,1,0.9999731182795699,1,0.9921591
128,581099.4956661405,4510056.44322983,1.623921275138855,18.83,0.0,1,1,1,1,1.0,1,0.9783733
129,581099.4956661405,4510106.44322983,1.629807472229004,18.83,0.0,1,1,1,1,1.0,1,0.97986585
130,581099.4956661405,4510156.44322983,1.6409175395965576,18.83,0.0,1,1,1,1,1.0,1,0.97986585
131,581099.4956661405,4510206.44322983,1.4757683277130127,18.83,0.0,1,1,1,1,0.9995119502922695,1,0.9609657
132,581099.4956661405,4510256.44322983,1.814702033996582,18.83,0.0,1,1,1,1,0.9999704142011834,1,0.99149346
133,581099.4956661405,4510306.44322983,1.702184796333313,18.83,0.0,1,1,1,1,1.0,1,0.9812335
134,581099.4956661405,4510356.44322983,1.5947716236114502,18.83,0.0,1,1,1,1,1.0,1,0.97589475
135,581099.4956661405,4510406.44322983,1.747890591621399,18.83,0.0,1,1,1,1,0.97,1,0.98093045
136,581099.4956661405,4510456.44322983,1.6322174072265625,18.83,0.0,1,1,1,1,1.0,1,0.97986585
137,581099.4956661405,4510506.44322983,1.4080954790115356,18.83,0.0,1,1,1,1,0.9999731182795699,1,0.99304754
138,581099.4956661405,4510556.44322983,1.8005530834197998,18.83,0.0,1,1,1,1,0.9999704142011834,1,0.99149346
139,581099.4956661405,4510606.44322983,1.0842926502227783,18.83,0.0,1,1,1,1,0.9998333333333334,1,0.9875996
140,581099.4956661405,4510656.44322983,1.1567983627319336,18.83,0.0,1,1,1,1,0.9999731182795699,1,0.99168444
141,581099.4956661405,4510706.44322983,0.808255136013031,18.83,0.0,1,1,1,1,0.9998333333333334,1,0.9875996
142,581099.4956661405,4510756.44322983,1.1472779512405396,18.83,0.0,1,1,1,1,0.9949731182795699,1,0.9899339
143,581099.4956661405,4510806.44322983,1.4934498071670532,18.83,0.0,1,1,1,1,0.9995119502922695,1,0.95868194
144,581099.4956661405,4510856.44322983,1.131361722946167,18.83,0.0,1,1,1,1,0.9998333333333334,1,0.9875996
145,581099.4956661405,4510906.44322983,2.359958410263061,18.83,0.0,1,1,1,1,0.8283302973201104,1,0.5958312
146,581099.4956661405,4510956.44322983,2.2606661319732666,18.83,0.0,1,1,1,1,0.9991113543572014,1,0.9482906
147,581099.4956661405,4511006.44322983,2.072671890258789,18.83,0.0,1,1,1,1,0.7790839032296428,1,0.7246365
148,581099.4956661405,4511056.44322983,2.019758462905884,18.83,0.0,1,1,1,1,0.9999704142011834,1,0.99149346
149,581099.4956661405,4511106.44322983,1.9764413833618164,18.83,0.0,1,1,1,1,0.9999704142011834,1,0.99149346
153,581149.4956661405,4509956.44322983,1.6471112966537476,18.83,0.0,1,1,1,1,1.0,1,0.97986585
154,581149.4956661405,4510006.44322983,1.1891398429870603,18.83,0.0,1,1,1,1,0.9999731182795699,1,0.9918779
155,581149.4956661405,4510056.44322983,1.607709884643555,18.83,0.0,1,1,1,1,1.0,1,0.97589475
156,581149.4956661405,4510106.44322983,1.476986527442932,18.83,0.0,1,1,1,1,0.9995119502922695,1,0.9609657
157,581149.4956661405,4510156.44322983,1.472576141357422,18.83,0.0,1,1,1,1,0.9995119502922695,1,0.9609657
158,581149.4956661405,4510206.44322983,1.3278965950012207,18.83,0.0,1,1,1,1,0.9999731182795699,1,0.99231076
159,581149.4956661405,4510256.44322983,1.1871570348739624,18.83,0.0,1,1,1,1,0.9999731182795699,1,0.9918779
160,581149.4956661405,4510306.44322983,1.5745747089385986,18.83,0.0,1,1,1,1,1.0,1,0.97589475
161,581149.4956661405,4510356.44322983,1.1557490825653076,18.83,0.0,1,1,1,1,0.9999731182795699,1,0.9911226
162,581149.4956661405,4510406.44322983,1.4600000381469729,18.83,0.0,1,1,1,1,0.9649731182795699,1,0.9149738
163,581149.4956661405,4510456.44322983,0.8742255568504333,18.83,0.0,1,1,1,1,0.9998333333333334,1,0.9875996
164,581149.4956661405,4510506.44322983,1.4477064609527588,18.83,0.0,1,1,1,1,0.9999731182795699,1,0.9925242
165,581149.4956661405,4510556.44322983,0.6416873931884766,18.83,0.0,1,1,1,1,0.9998333333333334,1,0.9875996
166,581149.4956661405,4510606.44322983,1.303202509880066,18.83,0.0,1,1,1,1,0.9999731182795699,1,0.99231076
167,581149.4956661405,4510656.44322983,1.127895712852478,18.83,0.0,1,1,1,1,0.9998333333333334,1,0.9875996
168,581149.4956661405,4510706.44322983,1.4188365936279297,18.83,0.0,1,1,1,1,0.9999731182795699,1,0.99304754
169,581149.4956661405,4510756.44322983,1.3470362424850464,18.83,0.0,1,1,1,1,0.9999731182795699,1,0.99231076
170,581149.4956661405,4510806.44322983,0.5671453475952148,18.83,0.0,1,1,1,1,0.9998333333333334,1,0.9875996
171,581149.4956661405,4510856.44322983,1.5409117937088013,18.83,0.0,1,1,1,1,0.9224286169589362,1,0.9494905
172,581149.4956661405,4510906.44322983,1.17750084400177,18.83,0.0,1,1,1,1,0.9999731182795699,1,0.99168444
173,581149.4956661405,4510956.44322983,1.2133396863937378,18.83,0.0,1,1,1,1,0.9999731182795699,1,0.9918779
174,581149.4956661405,4511006.44322983,1.158395528793335,18.83,0.0,1,1,1,1,0.9999731182795699,1,0.99168444
175,581149.4956661405,4511056.44322983,1.3639955520629885,18.83,0.0,1,1,1,1,0.9999731182795699,1,0.99236166
176,581149.4956661405,4511106.44322983,1.232069492340088,18.83,0.0,1,1,1,1,0.9999731182795699,1,0.9918779
177,581149.4956661405,4511156.44322983,1.2509030103683472,18.83,0.0,1,1,1,1,0.9999731182795699,1,0.99201995
178,581149.4956661405,4511206.44322983,2.082634449005127,18.83,0.0,1,1,1,1,0.9937291669689412,1,0.9251266
179,581149.4956661405,4511256.44322983,3.152759790420532,18.83,0.0,1,1,1,1,0.592838388368778,0,0.18476245
183,581199.4956661405,4509956.44322983,2.1167333126068115,18.83,0.0,1,1,1,1,0.9987291669689412,1,0.96966165
184,581199.4956661405,4510006.44322983,1.33025860786438,18.83,0.0,1,1,1,1,0.9999731182795699,1,0.99231076
185,581199.4956661405,4510056.44322983,1.584141731262207,18.83,0.0,1,1,1,1,1.0,1,0.97589475
186,581199.4956661405,4510106.44322983,1.713651180267334,18.83,0.0,1,1,1,1,1.0,1,0.98194844
187,581199.4956661405,4510156.44322983,1.2612625360488892,18.83,0.0,1,1,1,1,0.9999731182795699,1,0.99201995
188,581199.4956661405,4510206.44322983,1.2704079151153564,18.83,0.0,1,1,1,1,0.9999731182795699,1,0.9921591
189,581199.4956661405,4510256.44322983,1.3288661241531372,18.83,0.0,1,1,1,1,0.9999731182795699,1,0.99231076
190,581199.4956661405,4510306.44322983,1.3638139963150024,18.83,0.0,1,1,1,1,0.9999731182795699,1,0.99236166
191,581199.4956661405,4510356.44322983,1.389447569847107,18.83,0.0,1,1,1,1,0.9999731182795699,1,0.99304754
192,581199.4956661405,4510406.44322983,1.6452206373214722,18.83,0.0,1,1,1,1,1.0,1,0.97986585
193,581199.4956661405,4510456.44322983,1.6026264429092407,18.83,0.0,1,1,1,1,1.0,1,0.97589475
194,581199.4956661405,4510506.44322983,1.237286925315857,18.83,0.0,1,1,1,1,0.9999731182795699,1,0.9918779
195,581199.4956661405,4510556.44322983,1.3995035886764526,18.83,0.0,1,1,1,1,0.9999731182795699,1,0.99304754
196,581199.4956661405,4510606.44322983,1.3202248811721802,18.83,0.0,1,1,1,1,0.9999731182795699,1,0.99231076
197,581199.4956661405,4510656.44322983,1.2211177349090576,18.83,0.0,1,1,1,1,0.9999731182795699,1,0.9918779
198,581199.4956661405,4510706.44322983,0.5806676745414734,18.83,0.0,1,1,1,1,0.9998333333333334,1,0.9875996
199,581199.4956661405,4510756.44322983,1.2585508823394775,18.83,0.0,1,1,1,1,0.9999731182795699,1,0.99201995
200,581199.4956661405,4510806.44322983,1.185275316238403,18.83,0.0,1,1,1,1,0.9999731182795699,1,0.99168444
201,581199.4956661405,4510856.44322983,1.4510507583618164,18.83,0.0,1,1,1,1,0.9999731182795699,1,0.9925242
202,581199.4956661405,4510906.44322983,1.2298777103424072,18.83,0.0,1,1,1,1,0.9999731182795699,1,0.9918779
203,581199.4956661405,4510956.44322983,1.571058750152588,18.83,0.0,1,1,1,1,1.0,1,0.97589475
204,581199.4956661405,4511006.44322983,1.5728552341461182,18.83,0.0,1,1,1,1,1.0,1,0.97589475
205,581199.4956661405,4511056.44322983,1.4719008207321167,18.83,0.0,1,1,1,1,0.9995119502922695,1,0.9609657
206,581199.4956661405,4511106.44322983,1.8002840280532837,18.83,0.0,1,1,1,1,0.9999704142011834,1,0.99149346
207,581199.4956661405,4511156.44322983,1.638219952583313,18.83,0.0,1,1,1,1,1.0,1,0.97986585
208,581199.4956661405,4511206.44322983,1.4032611846923828,18.83,0.0,1,1,1,1,0.9999731182795699,1,0.99304754
209,581199.4956661405,4511256.44322983,1.630098819732666,18.83,0.0,1,1,1,1,1.0,1,0.97986585
210,581199.4956661405,4511306.44322983,1.7538440227508545,18.83,0.0,1,1,1,1,0.9899704142011834,1,0.99096453
211,581199.4956661405,4511356.44322983,1.8462282419204712,18.83,0.0,1,1,1,1,0.9999704142011834,1,0.99149346
212,581199.4956661405,4511406.44322983,3.2871129512786865,18.83,0.0,1,1,1,1,0.69629941678324,0,0.31203136
214,581249.4956661405,4509906.44322983,2.7170960903167725,18.83,0.0,1,1,1,1,0.7138561167704652,0,0.34809735
215,581249.4956661405,4509956.44322983,1.5026410818099976,18.83,0.0,1,1,1,1,0.9995119502922695,1,0.95868194
216,581249.4956661405,4510006.44322983,1.375436305999756,18.83,0.0,1,1,1,1,0.9999731182795699,1,0.9926702
217,581249.4956661405,4510056.44322983,1.3635361194610596,18.83,0.0,1,1,1,1,0.9999731182795699,1,0.99236166
218,581249.4956661405,4510106.44322983,1.4452804327011108,18.83,0.0,1,1,1,1,0.9999731182795699,1,0.9925242
219,581249.4956661405,4510156.44322983,1.3093632459640503,18.83,0.0,1,1,1,1,0.9999731182795699,1,0.99231076
220,581249.4956661405,4510206.44322983,1.169416904449463,18.83,0.0,1,1,1,1,0.9999731182795699,1,0.99168444
221,581249.4956661405,4510256.44322983,1.763379693031311,18.83,0.0,1,1,1,1,0.9999704142011834,1,0.99096453
222,581249.4956661405,4510306.44322983,1.4189249277114868,18.83,0.0,1,1,1,1,0.9999731182795699,1,0.99304754
223,581249.4956661405,4510356.44322983,1.260968565940857,18.83,0.0,1,1,1,1,0.9999731182795699,1,0.99201995
224,581249.4956661405,4510406.44322983,1.5788387060165403,18.83,0.0,1,1,1,1,1.0,1,0.97589475
225,581249.4956661405,4510456.44322983,1.0277601480484009,18.83,0.0,1,1,1,1,0.9998333333333334,1,0.9875996
226,581249.4956661405,4510506.44322983,1.2421079874038696,18.83,0.0,1,1,1,1,0.9999731182795699,1,0.9918779
227,581249.4956661405,4510556.44322983,0.8612738251686096,18.83,0.0,1,1,1,1,0.9998333333333334,1,0.9875996
228,581249.4956661405,4510606.44322983,1.7416845560073853,18.83,0.0,1,1,1,1,1.0,1,0.98093045
229,581249.4956661405,4510656.44322983,1.4076000452041626,18.83,0.0,1,1,1,1,0.9999731182795699,1,0.99304754
230,581249.4956661405,4510706.44322983,1.0946259498596191,18.83,0.0,1,1,1,1,0.9998333333333334,1,0.9875996
231,581249.4956661405,4510756.44322983,1.1518572568893433,18.83,0.0,1,1,1,1,0.9999731182795699,1,0.9911226
232,581249.4956661405,4510806.44322983,1.903128147125244,18.83,0.0,1,1,1,1,0.9999704142011834,1,0.99149346
233,581249.4956661405,4510856.44322983,1.971908450126648,18.83,0.0,1,1,1,1,0.9999704142011834,1,0.99149346
234,581249.4956661405,4510906.44322983,1.025033950805664,18.83,0.0,1,1,1,1,0.9998333333333334,1,0.9875996
235,581249.4956661405,4510956.44322983,1.6772229671478271,18.83,0.0,1,1,1,1,1.0,1,0.9812335
236,581249.4956661405,4511006.44322983,1.7120879888534546,18.83,0.0,1,1,1,1,1.0,1,0.98194844
237,581249.4956661405,4511056.44322983,1.5095794200897217,18.83,0.0,1,1,1,1,0.9995119502922695,1,0.95868194
238,581249.4956661405,4511106.44322983,1.5777134895324707,18.83,0.0,1,1,1,1,1.0,1,0.97589475
239,581249.4956661405,4511156.44322983,1.4202643632888794,18.83,0.0,1,1,1,1,0.9999731182795699,1,0.99304754
240,581249.4956661405,4511206.44322983,0.8389391303062439,18.83,0.0,1,1,1,1,0.9998333333333334,1,0.9875996
241,581249.4956661405,4511256.44322983,0.6315804123878479,18.83,0.0,1,1,1,1,0.9998333333333334,1,0.9875996
242,581249.4956661405,4511306.44322983,1.0076422691345217,18.83,0.0,1,1,1,1,0.9998333333333334,1,0.9875996
243,581249.4956661405,4511356.44322983,1.203229546546936,18.83,0.0,1,1,1,1,0.9999731182795699,1,0.9918779
244,581249.4956661405,4511406.44322983,1.915167570114136,18.83,0.0,1,1,1,1,0.9999704142011834,1,0.99149346
245,581249.4956661405,4511456.44322983,2.079002857208252,18.83,0.0,1,1,1,1,0.9937291669689412,1,0.9251266
246,581249.4956661405,4511506.44322983,3.118286609649658,18.83,0.0,1,1,1,0,0.45289786352392575,0,0.27113864
249,581299.4956661405,4509906.44322983,2.3767735958099365,18.83,0.0,1,1,1,1,0.9271448208508106,1,0.68862534
250,581299.4956661405,4509956.44322983,1.4371556043624878,18.83,0.0,1,1,1,1,0.9999731182795699,1,0.99304754
251,581299.4956661405,4510006.44322983,2.401751518249512,18.83,0.0,1,1,1,1,0.9886790920491686,1,0.903018
252,581299.4956661405,4510056.44322983,1.2525707483291626,18.83,0.0,1,1,1,1,0.9999731182795699,1,0.99201995
253,581299.4956661405,4510106.44322983,1.1567789316177368,18.83,0.0,1,1,1,1,0.9999731182795699,1,0.9911226
254,581299.4956661405,4510156.44322983,1.3506879806518557,18.83,0.0,1,1,1,1,0.9999731182795699,1,0.99231076
255,581299.4956661405,4510206.44322983,1.4852409362792969,18.83,0.0,1,1,1,1,0.9995119502922695,1,0.9609657
256,581299.4956661405,4510256.44322983,1.3549665212631226,18.83,0.0,1,1,1,1,0.9999731182795699,1,0.99231076
257,581299.4956661405,4510306.44322983,1.2727138996124268,18.83,0.0,1,1,1,1,0.9999731182795699,1,0.9921591
258,581299.4956661405,4510356.44322983,1.3273671865463257,18.83,0.0,1,1,1,1,0.9999731182795699,1,0.99231076
259,581299.4956661405,4510406.44322983,2.067145586013794,18.83,0.0,1,1,1,1,0.7650664429121824,1,0.7246365
260,581299.4956661405,4510456.44322983,1.4243613481521606,18.83,0.0,1,1,1,1,0.9999731182795699,1,0.99304754
261,581299.4956661405,4510506.44322983,1.8640941381454468,18.83,0.0,1,1,1,1,0.9999704142011834,1,0.99149346
262,581299.4956661405,4510556.44322983,1.9469062089920044,18.83,0.0,1,1,1,1,0.9999704142011834,1,0.99149346
263,581299.4956661405,4510606.44322983,1.1495730876922607,18.83,0.0,1,1,1,1,0.9949731182795699,1,0.9899339
264,581299.4956661405,4510656.44322983,1.61396586894989,18.83,0.0,1,1,1,1,1.0,1,0.97589475
265,581299.4956661405,4510706.44322983,2.089527368545532,18.83,0.0,1,1,1,1,0.9987291669689412,1,0.9251266
266,581299.4956661405,4510756.44322983,1.8499913215637207,18.83,0.0,1,1,1,1,0.9999704142011834,1,0.99149346
267,581299.4956661405,4510806.44322983,1.5612419843673706,18.83,0.0,1,1,1,1,1.0,1,0.8379774
268,581299.4956661405,4510856.44322983,1.0479460954666138,18.83,0.0,1,1,1,1,0.9998333333333334,1,0.9875996
269,581299.4956661405,4510906.44322983,1.746855616569519,18.83,0.0,1,1,1,1,0.97,1,0.98093045
270,581299.4956661405,4510956.44322983,1.887538194656372,18.83,0.0,1,1,1,1,0.9999704142011834,1,0.99149346
271,581299.4956661405,4511006.44322983,1.4668354988098145,18.83,0.0,1,1,1,1,0.7895119502922695,1,0.9149738
272,581299.4956661405,4511056.44322983,1.3100332021713257,18.83,0.0,1,1,1,1,0.9999731182795699,1,0.99231076
273,581299.4956661405,4511106.44322983,1.481099009513855,18.83,0.0,1,1,1,1,0.9995119502922695,1,0.9609657
274,581299.4956661405,4511156.44322983,1.2886826992034912,18.83,0.0,1,1,1,1,0.9999731182795699,1,0.9921591
275,581299.4956661405,4511206.44322983,1.5876247882843018,18.83,0.0,1,1,1,1,1.0,1,0.97589475
276,581299.4956661405,4511256.44322983,1.9032710790634155,18.83,0.0,1,1,1,1,0.9999704142011834,1,0.99149346
277,581299.4956661405,4511306.44322983,1.3427892923355105,18.83,0.0,1,1,1,1,0.9999731182795699,1,0.99231076
278,581299.4956661405,4511356.44322983,1.0561712980270386,18.83,0.0,1,1,1,1,0.9998333333333334,1,0.9875996
279,581299.4956661405,4511406.44322983,1.2168909311294556,18.83,0.0,1,1,1,1,0.9999731182795699,1,0.9918779
280,581299.4956661405,4511456.44322983,1.6768907308578491,18.83,0.0,1,1,1,1,1.0,1,0.9812335
281,581299.4956661405,4511506.44322983,1.9902690649032595,18.83,0.0,1,1,1,1,0.9999704142011834,1,0.99149346
282,581299.4956661405,4511556.44322983,1.8630157709121704,18.83,0.0,1,1,1,1,0.9999704142011834,1,0.99149346
283,581299.4956661405,4511606.44322983,1.6492830514907837,18.83,0.0,1,1,1,1,1.0,1,0.97986585
286,581349.4956661405,4509906.44322983,1.9197487831115725,18.83,0.0,1,1,1,1,0.9999704142011834,1,0.99149346
287,581349.4956661405,4509956.44322983,1.3656309843063354,18.83,0.0,1,1,1,1,0.9999731182795699,1,0.99236166
288,581349.4956661405,4510006.44322983,1.3200569152832031,18.83,0.0,1,1,1,1,0.9999731182795699,1,0.99231076
289,581349.4956661405,4510056.44322983,1.449035882949829,18.83,0.0,1,1,1,1,0.9999731182795699,1,0.9925242
290,581349.4956661405,4510106.44322983,1.1243417263031006,18.83,0.0,1,1,1,1,0.9998333333333334,1,0.9875996
291,581349.4956661405,4510156.44322983,1.321805715560913,18.83,0.0,1,1,1,1,0.9999731182795699,1,0.99231076
292,581349.4956661405,4510206.44322983,1.372987985610962,18.83,0.0,1,1,1,1,0.9999731182795699,1,0.99236166
293,581349.4956661405,4510256.44322983,1.2240756750106812,18.83,0.0,1,1,1,1,0.9999731182795699,1,0.9918779
294,581349.4956661405,4510306.44322983,1.2898026704788208,18.83,0.0,1,1,1,1,0.9999731182795699,1,0.9921591
295,581349.4956661405,4510356.44322983,1.0328127145767212,18.83,0.0,1,1,1,1,0.9998333333333334,1,0.9875996
296,581349.4956661405,4510406.44322983,1.410088062286377,18.83,0.0,1,1,1,1,0.9999731182795699,1,0.99304754
297,581349.4956661405,4510456.44322983,1.1327770948410034,18.83,0.0,1,1,1,1,0.9998333333333334,1,0.9875996
298,581349.4956661405,4510506.44322983,1.6707842350006104,18.83,0.0,1,1,1,1,1.0,1,0.9812335
299,581349.4956661405,4510556.44322983,1.5862267017364502,18.83,0.0,1,1,1,1,1.0,1,0.97589475
300,581349.4956661405,4510606.44322983,1.3729113340377808,18.83,0.0,1,1,1,1,0.9999731182795699,1,0.99236166
301,581349.4956661405,4510656.44322983,0.8583623170852661,18.83,0.0,1,1,1,1,0.9998333333333334,1,0.9875996
302,581349.4956661405,4510706.44322983,1.7092424631118774,18.83,0.0,1,1,1,1,1.0,1,0.98194844
303,581349.4956661405,4510756.44322983,1.104150414466858,18.83,0.0,1,1,1,1,0.9998333333333334,1,0.9875996
304,581349.4956661405,4510806.44322983,1.6092098951339722,18.83,0.0,1,1,1,1,1.0,1,0.97589475
305,581349.4956661405,4510856.44322983,1.3701893091201782,18.83,0.0,1,1,1,1,0.9999731182795699,1,0.99236166
306,581349.4956661405,4510906.44322983,1.377497315406799,18.83,0.0,1,1,1,1,0.9999731182795699,1,0.9926702
307,581349.4956661405,4510956.44322983,1.5307835340499878,18.83,0.0,1,1,1,1,0.9995119502922695,1,0.9517004
308,581349.4956661405,4511006.44322983,2.044807195663452,18.83,0.0,1,1,1,1,0.9489116810074205,1,0.8199779
309,581349.4956661405,4511056.44322983,2.0483949184417725,18.83,0.0,1,1,1,1,0.976483109578849,1,0.8199779
310,581349.4956661405,4511106.44322983,1.8949298858642576,18.83,0.0,1,1,1,1,0.9999704142011834,1,0.99149346
311,581349.4956661405,4511156.44322983,1.659626841545105,18.83,0.0,1,1,1,1,1.0,1,0.97986585
312,581349.4956661405,4511206.44322983,1.523573637008667,18.83,0.0,1,1,1,1,0.9995119502922695,1,0.9517004
313,581349.4956661405,4511256.44322983,1.5016628503799438,18.83,0.0,1,1,1,1,0.9995119502922695,1,0.95868194
314,581349.4956661405,4511306.44322983,0.7369115948677063,18.83,0.0,1,1,1,1,0.9998333333333334,1,0.9875996
315,581349.4956661405,4511356.44322983,1.0561602115631104,18.83,0.0,1,1,1,1,0.9998333333333334,1,0.9875996
316,581349.4956661405,4511406.44322983,1.2105019092559814,18.83,0.0,1,1,1,1,0.9999731182795699,1,0.9918779
317,581349.4956661405,4511456.44322983,1.2592400312423706,18.83,0.0,1,1,1,1,0.9999731182795699,1,0.99201995
318,581349.4956661405,4511506.44322983,1.688200831413269,18.83,0.0,1,1,1,1,1.0,1,0.9812335
319,581349.4956661405,4511556.44322983,1.439047932624817,18.83,0.0,1,1,1,1,0.9999731182795699,1,0.99304754
320,581349.4956661405,4511606.44322983,1.6446136236190796,18.83,0.0,1,1,1,1,1.0,1,0.97986585
321,581349.4956661405,4511656.44322983,1.607973575592041,18.83,0.0,1,1,1,1,1.0,1,0.97589475
322,581349.4956661405,4511706.44322983,1.2925446033477783,18.83,0.0,1,1,1,1,0.9999731182795699,1,0.9921591
326,581399.4956661405,4509856.44322983,3.121516227722168,18.83,0.0,1,1,1,0,0.4738052061812684,0,0.15224822
327,581399.4956661405,4509906.44322983,1.79163658618927,18.83,0.0,1,1,1,1,0.9999704142011834,1,0.99149346
328,581399.4956661405,4509956.44322983,1.2449791431427002,18.83,0.0,1,1,1,1,0.9999731182795699,1,0.9918779
329,581399.4956661405,4510006.44322983,1.482840895652771,18.83,0.0,1,1,1,1,0.9995119502922695,1,0.9609657
330,581399.4956661405,4510056.44322983,1.2084646224975586,18.83,0.0,1,1,1,1,0.9999731182795699,1,0.9918779
331,581399.4956661405,4510106.44322983,1.134427189826965,18.83,0.0,1,1,1,1,0.9998333333333334,1,0.9866175
332,581399.4956661405,4510156.44322983,1.2686550617218018,18.83,0.0,1,1,1,1,0.9999731182795699,1,0.9921591
333,581399.4956661405,4510206.44322983,1.3262983560562134,18.83,0.0,1,1,1,1,0.9999731182795699,1,0.99231076
334,581399.4956661405,4510256.44322983,1.3600000143051147,18.83,0.0,1,1,1,1,0.9999731182795699,1,0.99236166
335,581399.4956661405,4510306.44322983,1.0360169410705566,18.83,0.0,1,1,1,1,0.9998333333333334,1,0.9875996
336,581399.4956661405,4510356.44322983,1.1277127265930176,18.83,0.0,1,1,1,1,0.9998333333333334,1,0.9875996
337,581399.4956661405,4510406.44322983,1.444301724433899,18.83,0.0,1,1,1,1,0.9999731182795699,1,0.9925242
338,581399.4956661405,4510456.44322983,1.2012375593185425,18.83,0.0,1,1,1,1,0.9999731182795699,1,0.9918779
339,581399.4956661405,4510506.44322983,2.251500129699707,18.83,0.0,1,1,1,1,0.9991113543572014,1,0.9482906
340,581399.4956661405,4510556.44322983,1.5366125106811523,18.83,0.0,1,1,1,1,0.9995119502922695,1,0.9494905
341,581399.4956661405,4510606.44322983,1.3464224338531494,18.83,0.0,1,1,1,1,0.9999731182795699,1,0.99231076
342,581399.4956661405,4510656.44322983,0.9349959492683412,18.83,0.0,1,1,1,1,0.9998333333333334,1,0.9875996
343,581399.4956661405,4510706.44322983,1.5459117889404297,18.83,0.0,1,1,1,1,0.9563868274582559,1,0.8698839
344,581399.4956661405,4510756.44322983,1.86662757396698,18.83,0.0,1,1,1,1,0.9999704142011834,1,0.99149346
345,581399.4956661405,4510806.44322983,1.5228095054626465,18.83,0.0,1,1,1,1,0.9995119502922695,1,0.9517004
346,581399.4956661405,4510856.44322983,1.447207808494568,18.83,0.0,1,1,1,1,0.9999731182795699,1,0.9925242
347,581399.4956661405,4510906.44322983,1.6204544305801392,18.83,0.0,1,1,1,1,1.0,1,0.9783733
348,581399.4956661405,4510956.44322983,2.135270833969116,18.83,0.0,1,1,1,1,0.9987291669689412,1,0.96966165
349,581399.4956661405,4511006.44322983,1.706072211265564,18.83,0.0,1,1,1,1,1.0,1,0.9812335
350,581399.4956661405,4511056.44322983,1.6800247430801392,18.83,0.0,1,1,1,1,1.0,1,0.9812335
351,581399.4956661405,4511106.44322983,1.7116315364837646,18.83,0.0,1,1,1,1,1.0,1,0.98194844
352,581399.4956661405,4511156.44322983,1.689995050430298,18.83,0.0,1,1,1,1,1.0,1,0.9812335
353,581399.4956661405,4511206.44322983,1.9181956052780151,18.83,0.0,1,1,1,1,0.9999704142011834,1,0.99149346
354,581399.4956661405,4511256.44322983,1.7414504289627075,18.83,0.0,1,1,1,1,1.0,1,0.98093045
355,581399.4956661405,4511306.44322983,1.323338747024536,18.83,0.0,1,1,1,1,0.9999731182795699,1,0.99231076
356,581399.4956661405,4511356.44322983,1.5505436658859253,18.83,0.0,1,1,1,1,0.965386827458256,1,0.8698839
357,581399.4956661405,4511406.44322983,1.2528371810913086,18.83,0.0,1,1,1,1,0.9999731182795699,1,0.99201995
358,581399.4956661405,4511456.44322983,1.293742060661316,18.83,0.0,1,1,1,1,0.9999731182795699,1,0.99231076
359,581399.4956661405,4511506.44322983,1.5615414381027222,18.83,0.0,1,1,1,1,1.0,1,0.97589475
360,581399.4956661405,4511556.44322983,1.4865853786468506,18.83,0.0,1,1,1,1,0.9995119502922695,1,0.9609657
361,581399.4956661405,4511606.44322983,1.3299052715301514,18.83,0.0,1,1,1,1,0.9999731182795699,1,0.99231076
362,581399.4956661405,4511656.44322983,1.1201545000076294,18.83,0.0,1,1,1,1,0.9998333333333334,1,0.9875996
363,581399.4956661405,4511706.44322983,1.47328519821167,18.83,0.0,1,1,1,1,0.9995119502922695,1,0.9609657
364,581399.4956661405,4511756.44322983,1.9112956523895264,18.83,0.0,1,1,1,1,0.9999704142011834,1,0.99149346
365,581399.4956661405,4511806.44322983,1.7766451835632324,18.83,0.0,1,1,1,1,0.9999704142011834,1,0.99096453
366,581399.4956661405,4511856.44322983,2.71152400970459,18.83,16.45531281364152,0,0,0,1,0.7138561167704652,0,0.34809735
369,581449.4956661405,4509856.44322983,2.368864059448242,18.83,0.0,1,1,1,1,0.8960337097396994,1,0.5958312
370,581449.4956661405,4509906.44322983,1.332297682762146,18.83,0.0,1,1,1,1,0.9999731182795699,1,0.99231076
371,581449.4956661405,4509956.44322983,1.5092264413833618,18.83,0.0,1,1,1,1,0.9995119502922695,1,0.95868194
372,581449.4956661405,4510006.44322983,1.555565595626831,18.83,0.0,1,1,1,1,0.7829247062461347,1,0.8698839
373,581449.4956661405,4510056.44322983,1.2027331590652466,18.83,0.0,1,1,1,1,0.9999731182795699,1,0.9918779
374,581449.4956661405,4510106.44322983,1.6657154560089111,18.83,0.0,1,1,1,1,1.0,1,0.97986585
375,581449.4956661405,4510156.44322983,1.1180944442749023,18.83,0.0,1,1,1,1,0.9998333333333334,1,0.9875996
376,581449.4956661405,4510206.44322983,1.2394614219665527,18.83,0.0,1,1,1,1,0.9999731182795699,1,0.9918779
377,581449.4956661405,4510256.44322983,1.1634604930877686,18.83,0.0,1,1,1,1,0.9999731182795699,1,0.99168444
378,581449.4956661405,4510306.44322983,1.181679606437683,18.83,0.0,1,1,1,1,0.9999731182795699,1,0.99168444
379,581449.4956661405,4510356.44322983,1.1920220851898191,18.83,0.0,1,1,1,1,0.9999731182795699,1,0.9918779
380,581449.4956661405,4510406.44322983,1.398726224899292,18.83,0.0,1,1,1,1,0.9999731182795699,1,0.99304754
381,581449.4956661405,4510456.44322983,1.4309585094451904,18.83,0.0,1,1,1,1,0.9999731182795699,1,0.99304754
382,581449.4956661405,4510506.44322983,0.5162740349769592,18.83,0.0,1,1,1,1,0.9998333333333334,1,0.9875996
383,581449.4956661405,4510556.44322983,1.5136200189590454,18.83,0.0,1,1,1,1,0.9995119502922695,1,0.95705813
384,581449.4956661405,4510606.44322983,1.4960287809371948,18.83,0.0,1,1,1,1,0.9995119502922695,1,0.95868194
385,581449.4956661405,4510656.44322983,0.904292106628418,18.83,0.0,1,1,1,1,0.9998333333333334,1,0.9875996
386,581449.4956661405,4510706.44322983,1.616417407989502,18.83,0.0,1,1,1,1,1.0,1,0.97589475
387,581449.4956661405,4510756.44322983,1.9324140548706052,18.83,0.0,1,1,1,1,0.9999704142011834,1,0.99149346
388,581449.4956661405,4510806.44322983,1.1218395233154297,18.83,0.0,1,1,1,1,0.9998333333333334,1,0.9875996
389,581449.4956661405,4510856.44322983,1.6261941194534302,18.83,0.0,1,1,1,1,1.0,1,0.9783733
390,581449.4956661405,4510906.44322983,2.232306480407715,18.83,0.0,1,1,1,1,0.9991113543572014,1,0.94678116
391,581449.4956661405,4510956.44322983,1.5839112997055054,18.83,0.0,1,1,1,1,1.0,1,0.97589475
392,581449.4956661405,4511006.44322983,1.6187629699707031,18.83,0.0,1,1,1,1,1.0,1,0.9783733
393,581449.4956661405,4511056.44322983,1.7568156719207764,18.83,0.0,1,1,1,1,0.9999704142011834,1,0.99096453
394,581449.4956661405,4511106.44322983,1.6814402341842651,18.83,0.0,1,1,1,1,1.0,1,0.9812335
395,581449.4956661405,4511156.44322983,1.9638347625732424,18.83,0.0,1,1,1,1,0.9999704142011834,1,0.99149346
396,581449.4956661405,4511206.44322983,2.1778311729431152,18.83,0.0,1,1,1,1,0.9887291669689412,1,0.9668237
397,581449.4956661405,4511256.44322983,2.052917003631592,18.83,0.0,1,1,1,1,0.9892331095788491,1,0.8199779
398,581449.4956661405,4511306.44322983,1.8387588262557983,18.83,0.0,1,1,1,1,0.9999704142011834,1,0.99149346
399,581449.4956661405,4511356.44322983,1.8833668231964111,18.83,0.0,1,1,1,1,0.9999704142011834,1,0.99149346
400,581449.4956661405,4511406.44322983,1.666056752204895,18.83,0.0,1,1,1,1,1.0,1,0.97986585
401,581449.4956661405,4511456.44322983,1.9124513864517207,18.83,0.0,1,1,1,1,0.9999704142011834,1,0.99149346
402,581449.4956661405,4511506.44322983,2.0490543842315674,18.83,0.0,1,1,1,1,0.976483109578849,1,0.8199779
403,581449.4956661405,4511556.44322983,1.4283957481384275,18.83,0.0,1,1,1,1,0.9999731182795699,1,0.99304754
404,581449.4956661405,4511606.44322983,1.3946261405944824,18.83,0.0,1,1,1,1,0.9999731182795699,1,0.99304754
405,581449.4956661405,4511656.44322983,1.3527802228927612,18.83,0.0,1,1,1,1,0.9999731182795699,1,0.99231076
406,581449.4956661405,4511706.44322983,1.3774336576461792,18.83,0.0,1,1,1,1,0.9999731182795699,1,0.9926702
407,581449.4956661405,4511756.44322983,1.6715593338012695,18.83,0.0,1,1,1,1,1.0,1,0.9812335
408,581449.4956661405,4511806.44322983,2.19586443901062,18.83,0.0,1,1,1,1,0.9871154264209899,1,0.810939
409,581449.4956661405,4511856.44322983,2.237266778945923,18.83,0.0,1,1,1,1,0.9991113543572014,1,0.9482906
410,581449.4956661405,4511906.44322983,1.7228211164474487,18.83,0.0,1,1,1,1,1.0,1,0.98194844
411,581449.4956661405,4511956.44322983,2.04190444946289,18.83,12.664919495435036,0,0,0,0,0.3957225509533202,1,0.7764732
414,581499.4956661405,4509806.44322983,3.470786094665528,18.83,0.0,1,1,1,1,0.816184248184624,0,0.32041204
415,581499.4956661405,4509856.44322983,2.432196140289306,18.83,0.0,1,1,1,1,0.9730124253825018,1,0.6583585
416,581499.4956661405,4509906.44322983,1.2839945554733276,18.83,0.0,1,1,1,1,0.9999731182795699,1,0.9921591
417,581499.4956661405,4509956.44322983,1.3157967329025269,18.83,0.0,1,1,1,1,0.9999731182795699,1,0.99231076
418,581499.4956661405,4510006.44322983,0.9964890480041504,18.83,0.0,1,1,1,1,0.9998333333333334,1,0.9875996
419,581499.4956661405,4510056.44322983,0.8738157153129578,18.83,0.0,1,1,1,1,0.9998333333333334,1,0.9875996
420,581499.4956661405,4510106.44322983,2.1601593494415283,18.83,0.0,1,1,1,1,0.9987291669689412,1,0.96838224
421,581499.4956661405,4510156.44322983,1.2691700458526611,18.83,0.0,1,1,1,1,0.9999731182795699,1,0.9921591
422,581499.4956661405,4510206.44322983,1.9600378274917605,18.83,0.0,1,1,1,1,0.9999704142011834,1,0.99149346
423,581499.4956661405,4510256.44322983,0.7662229537963867,18.83,0.0,1,1,1,1,0.9998333333333334,1,0.9875996
424,581499.4956661405,4510306.44322983,1.1380029916763306,18.83,0.0,1,1,1,1,0.9348333333333333,1,0.9866175
425,581499.4956661405,4510356.44322983,1.408263087272644,18.83,0.0,1,1,1,1,0.9999731182795699,1,0.99304754
426,581499.4956661405,4510406.44322983,1.098522424697876,18.83,0.0,1,1,1,1,0.9998333333333334,1,0.9875996
427,581499.4956661405,4510456.44322983,1.3784754276275637,18.83,0.0,1,1,1,1,0.9999731182795699,1,0.99304754
428,581499.4956661405,4510506.44322983,1.4279050827026367,18.83,0.0,1,1,1,1,0.9999731182795699,1,0.99304754
429,581499.4956661405,4510556.44322983,1.4881941080093384,18.83,0.0,1,1,1,1,0.9995119502922695,1,0.95868194
430,581499.4956661405,4510606.44322983,1.706705093383789,18.83,0.0,1,1,1,1,1.0,1,0.9812335
431,581499.4956661405,4510656.44322983,1.6695635318756104,18.83,0.0,1,1,1,1,1.0,1,0.97986585
432,581499.4956661405,4510706.44322983,2.1308655738830566,18.83,0.0,1,1,1,1,0.9987291669689412,1,0.96966165
433,581499.4956661405,4510756.44322983,1.9276773929595947,18.83,0.0,1,1,1,1,0.9999704142011834,1,0.99149346
434,581499.4956661405,4510806.44322983,1.6885868310928345,18.83,0.0,1,1,1,1,1.0,1,0.9812335
435,581499.4956661405,4510856.44322983,1.6226035356521606,18.83,0.0,1,1,1,1,1.0,1,0.9783733
436,581499.4956661405,4510906.44322983,1.0830106735229492,18.83,0.0,1,1,1,1,0.9998333333333334,1,0.9875996
437,581499.4956661405,4510956.44322983,1.6006537675857544,18.83,0.0,1,1,1,1,1.0,1,0.97589475
438,581499.4956661405,4511006.44322983,1.6988993883132937,18.83,0.0,1,1,1,1,1.0,1,0.9812335
439,581499.4956661405,4511056.44322983,1.6463359594345093,18.83,0.0,1,1,1,1,1.0,1,0.97986585
440,581499.4956661405,4511106.44322983,1.7585877180099487,18.83,0.0,1,1,1,1,0.9999704142011834,1,0.99096453
441,581499.4956661405,4511156.44322983,1.71830153465271,18.83,0.0,1,1,1,1,1.0,1,0.98194844
442,581499.4956661405,4511206.44322983,2.0766921043396,18.83,0.0,1,1,1,1,0.9887291669689412,1,0.9251266
443,581499.4956661405,4511256.44322983,2.0143158435821533,18.83,0.0,1,1,1,1,0.9999704142011834,1,0.99149346
444,581499.4956661405,4511306.44322983,2.022702693939209,18.83,0.0,1,1,1,1,0.9999704142011834,1,0.9896186
445,581499.4956661405,4511356.44322983,2.301957845687866,18.83,0.0,1,1,1,1,0.7521606562298534,1,0.65002936
446,581499.4956661405,4511406.44322983,2.1346476078033447,18.83,0.0,1,1,1,1,0.9987291669689412,1,0.96966165
447,581499.4956661405,4511456.44322983,2.029518842697144,18.83,0.0,1,1,1,1,0.9999704142011834,1,0.9896186
448,581499.4956661405,4511506.44322983,1.8121631145477293,18.83,0.0,1,1,1,1,0.9999704142011834,1,0.99149346
449,581499.4956661405,4511556.44322983,1.561279296875,18.83,0.0,1,1,1,1,1.0,1,0.8379774
450,581499.4956661405,4511606.44322983,1.7885558605194092,18.83,0.0,1,1,1,1,0.9999704142011834,1,0.99149346
451,581499.4956661405,4511656.44322983,1.5423027276992798,18.83,0.0,1,1,1,1,0.7812054986793663,1,0.9494905
452,581499.4956661405,4511706.44322983,1.339973211288452,18.83,0.0,1,1,1,1,0.9999731182795699,1,0.99231076
453,581499.4956661405,4511756.44322983,1.1608145236968994,18.83,0.0,1,1,1,1,0.9999731182795699,1,0.99168444
454,581499.4956661405,4511806.44322983,1.1242824792861938,18.83,0.0,1,1,1,1,0.9998333333333334,1,0.9875996
455,581499.4956661405,4511856.44322983,1.2921090126037598,18.83,0.0,1,1,1,1,0.9999731182795699,1,0.9921591
456,581499.4956661405,4511906.44322983,1.2707115411758425,18.83,0.0,1,1,1,1,0.9999731182795699,1,0.9921591
457,581499.4956661405,4511956.44322983,1.1496446132659912,18.83,0.0,1,1,1,1,0.9949731182795699,1,0.9899339
458,581499.4956661405,4512006.44322983,1.447322130203247,18.83,0.0,1,1,1,1,0.9999731182795699,1,0.9925242
459,581499.4956661405,4512056.44322983,1.4654605388641355,18.83,8.87452617722856,0,0,0,0,0.40983798314443476,1,0.9149738
463,581549.4956661405,4509806.44322983,2.986210823059082,18.83,0.0,1,1,1,0,0.1291377858009512,0,0.09946159
464,581549.4956661405,4509856.44322983,2.210446357727051,18.83,0.0,1,1,1,1,0.99711542642099,1,0.9047148
465,581549.4956661405,4509906.44322983,1.3695447444915771,18.83,0.0,1,1,1,1,0.9999731182795699,1,0.99236166
466,581549.4956661405,4509956.44322983,1.6034516096115112,18.83,0.0,1,1,1,1,1.0,1,0.97589475
467,581549.4956661405,4510006.44322983,1.198001503944397,18.83,0.0,1,1,1,1,0.9999731182795699,1,0.9918779
468,581549.4956661405,4510056.44322983,1.1444718837738037,18.83,0.0,1,1,1,1,0.7798333333333334,1,0.9866175
469,581549.4956661405,4510106.44322983,1.3237462043762207,18.83,0.0,1,1,1,1,0.9999731182795699,1,0.99231076
470,581549.4956661405,4510156.44322983,1.0547398328781128,18.83,0.0,1,1,1,1,0.9998333333333334,1,0.9875996
471,581549.4956661405,4510206.44322983,1.5794825553894043,18.83,0.0,1,1,1,1,1.0,1,0.97589475
472,581549.4956661405,4510256.44322983,1.231990933418274,18.83,0.0,1,1,1,1,0.9999731182795699,1,0.9918779
473,581549.4956661405,4510306.44322983,1.356059432029724,18.83,0.0,1,1,1,1,0.9999731182795699,1,0.99236166
474,581549.4956661405,4510356.44322983,1.395298719406128,18.83,0.0,1,1,1,1,0.9999731182795699,1,0.99304754
475,581549.4956661405,4510406.44322983,1.740905523300171,18.83,0.0,1,1,1,1,1.0,1,0.98194844
476,581549.4956661405,4510456.44322983,1.6266940832138062,18.83,0.0,1,1,1,1,1.0,1,0.9783733
477,581549.4956661405,4510506.44322983,1.7996009588241575,18.83,0.0,1,1,1,1,0.9999704142011834,1,0.99149346
478,581549.4956661405,4510556.44322983,1.4583219289779663,18.83,0.0,1,1,1,1,0.9649731182795699,1,0.9149738
479,581549.4956661405,4510606.44322983,1.6451281309127808,18.83,0.0,1,1,1,1,1.0,1,0.97986585
480,581549.4956661405,4510656.44322983,1.6425955295562744,18.83,0.0,1,1,1,1,1.0,1,0.97986585
481,581549.4956661405,4510706.44322983,1.8089535236358645,18.83,0.0,1,1,1,1,0.9999704142011834,1,0.99149346
482,581549.4956661405,4510756.44322983,1.9856168031692505,18.83,0.0,1,1,1,1,0.9999704142011834,1,0.99149346
483,581549.4956661405,4510806.44322983,1.664319634437561,18.83,0.0,1,1,1,1,1.0,1,0.97986585
484,581549.4956661405,4510856.44322983,1.962642788887024,18.83,0.0,1,1,1,1,0.9999704142011834,1,0.99149346
485,581549.4956661405,4510906.44322983,1.7523853778839111,18.83,0.0,1,1,1,1,0.9649704142011833,1,0.9457222
486,581549.4956661405,4510956.44322983,1.818157434463501,18.83,0.0,1,1,1,1,0.9999704142011834,1,0.99149346
487,581549.4956661405,4511006.44322983,1.7117435932159424,18.83,0.0,1,1,1,1,1.0,1,0.98194844
488,581549.4956661405,4511056.44322983,2.016786575317383,18.83,0.0,1,1,1,1,0.9999704142011834,1,0.99149346
489,581549.4956661405,4511106.44322983,1.8930855989456177,18.83,0.0,1,1,1,1,0.9999704142011834,1,0.99149346
490,581549.4956661405,4511156.44322983,2.665308952331543,18.83,0.0,1,1,1,1,0.5893126357416898,0,0.47718018
491,581549.4956661405,4511206.44322983,2.40970516204834,18.83,0.0,1,1,1,1,0.9886790920491686,1,0.903018
492,581549.4956661405,4511256.44322983,2.290667533874512,18.83,0.0,1,1,1,1,0.9353196876905348,1,0.72381765
493,581549.4956661405,4511306.44322983,2.581998825073242,18.83,0.0,1,1,1,1,0.6576363119351535,0,0.27145177
494,581549.4956661405,4511356.44322983,2.154850721359253,18.83,0.0,1,1,1,1,0.9987291669689412,1,0.96966165
495,581549.4956661405,4511406.44322983,2.1677796840667725,18.83,0.0,1,1,1,1,0.9987291669689412,1,0.96838224
496,581549.4956661405,4511456.44322983,2.136380434036255,18.83,0.0,1,1,1,1,0.9987291669689412,1,0.96966165
497,581549.4956661405,4511506.44322983,1.644601583480835,18.83,0.0,1,1,1,1,1.0,1,0.97986585
498,581549.4956661405,4511556.44322983,1.8408982753753664,18.83,0.0,1,1,1,1,0.9999704142011834,1,0.99149346
499,581549.4956661405,4511606.44322983,2.029903650283813,18.83,0.0,1,1,1,1,0.9999704142011834,1,0.9896186
500,581549.4956661405,4511656.44322983,1.6045629978179932,18.83,0.0,1,1,1,1,1.0,1,0.97589475
501,581549.4956661405,4511706.44322983,1.3232204914093018,18.83,0.0,1,1,1,1,0.9999731182795699,1,0.99231076
502,581549.4956661405,4511756.44322983,1.4346657991409302,18.83,0.0,1,1,1,1,0.9999731182795699,1,0.99304754
503,581549.4956661405,4511806.44322983,0.925627052783966,18.83,0.0,1,1,1,1,0.9998333333333334,1,0.9875996
504,581549.4956661405,4511856.44322983,1.3348991870880127,18.83,0.0,1,1,1,1,0.9999731182795699,1,0.99231076
505,581549.4956661405,4511906.44322983,1.3203725814819336,18.83,0.0,1,1,1,1,0.9999731182795699,1,0.99231076
506,581549.4956661405,4511956.44322983,1.6116279363632202,18.83,0.0,1,1,1,1,1.0,1,0.97589475
507,581549.4956661405,4512006.44322983,1.0588171482086182,18.83,0.0,1,1,1,1,0.9998333333333334,1,0.9875996
508,581549.4956661405,4512056.44322983,1.1151654720306396,18.83,0.0,1,1,1,1,0.9998333333333334,1,0.9875996
509,581549.4956661405,4512106.44322983,1.5701947212219238,18.83,0.0,1,1,1,1,1.0,1,0.97589475
510,581549.4956661405,4512156.44322983,1.5564566850662231,18.83,5.084132859022082,0,0,0,0,0.4282542517006802,1,0.8379774
514,581599.4956661405,4509806.44322983,2.23914647102356,18.83,0.0,1,1,1,1,0.9991113543572014,1,0.9482906
515,581599.4956661405,4509856.44322983,1.983929991722107,18.83,0.0,1,1,1,1,0.9999704142011834,1,0.99149346
516,581599.4956661405,4509906.44322983,1.4987170696258545,18.83,0.0,1,1,1,1,0.9995119502922695,1,0.95868194
517,581599.4956661405,4509956.44322983,2.153658628463745,18.83,0.0,1,1,1,1,0.9987291669689412,1,0.96966165
518,581599.4956661405,4510006.44322983,2.2507200241088867,18.83,0.0,1,1,1,1,0.9991113543572014,1,0.9482906
519,581599.4956661405,4510056.44322983,0.9787483215332032,18.83,0.0,1,1,1,1,0.9998333333333334,1,0.9875996
520,581599.4956661405,4510106.44322983,0.8379107117652893,18.83,0.0,1,1,1,1,0.9998333333333334,1,0.9875996
521,581599.4956661405,4510156.44322983,1.413422703742981,18.83,0.0,1,1,1,1,0.9999731182795699,1,0.99304754
522,581599.4956661405,4510206.44322983,1.7745805978775024,18.83,0.0,1,1,1,1,0.9999704142011834,1,0.99096453
523,581599.4956661405,4510256.44322983,1.5226198434829712,18.83,0.0,1,1,1,1,0.9995119502922695,1,0.9517004
524,581599.4956661405,4510306.44322983,1.8007822036743164,18.83,0.0,1,1,1,1,0.9999704142011834,1,0.99149346
525,581599.4956661405,4510356.44322983,1.774047613143921,18.83,0.0,1,1,1,1,0.9999704142011834,1,0.99096453
526,581599.4956661405,4510406.44322983,1.3354144096374512,18.83,0.0,1,1,1,1,0.9999731182795699,1,0.99231076
527,581599.4956661405,4510456.44322983,1.4919646978378296,18.83,0.0,1,1,1,1,0.9995119502922695,1,0.95868194
528,581599.4956661405,4510506.44322983,1.830000042915344,18.83,0.0,1,1,1,1,0.9999704142011834,1,0.99149346
529,581599.4956661405,4510556.44322983,1.4951918125152588,18.83,0.0,1,1,1,1,0.9995119502922695,1,0.95868194
530,581599.4956661405,4510606.44322983,2.2249081134796143,18.83,0.0,1,1,1,1,0.7922908650174812,1,0.81415284
531,581599.4956661405,4510656.44322983,1.6085115671157837,18.83,0.0,1,1,1,1,1.0,1,0.97589475
532,581599.4956661405,4510706.44322983,2.005513906478882,18.83,0.0,1,1,1,1,0.9999704142011834,1,0.99149346
533,581599.4956661405,4510756.44322983,2.1990888118743896,18.83,0.0,1,1,1,1,0.99711542642099,1,0.810939
534,581599.4956661405,4510806.44322983,1.8478449583053589,18.83,0.0,1,1,1,1,0.9999704142011834,1,0.99149346
535,581599.4956661405,4510856.44322983,1.7654942274093628,18.83,0.0,1,1,1,1,0.9999704142011834,1,0.99096453
536,581599.4956661405,4510906.44322983,1.84105122089386,18.83,0.0,1,1,1,1,0.9999704142011834,1,0.99149346
537,581599.4956661405,4510956.44322983,1.6871287822723389,18.83,0.0,1,1,1,1,1.0,1,0.9812335
538,581599.4956661405,4511006.44322983,1.9827724695205688,18.83,0.0,1,1,1,1,0.9999704142011834,1,0.99149346
539,581599.4956661405,4511056.44322983,2.130000114440918,18.83,0.0,1,1,1,1,0.9987291669689412,1,0.96966165
540,581599.4956661405,4511106.44322983,1.9411792755126955,18.83,0.0,1,1,1,1,0.9999704142011834,1,0.99149346
541,581599.4956661405,4511156.44322983,2.2858920097351074,18.83,0.0,1,1,1,1,0.992028021023868,1,0.72381765
542,581599.4956661405,4511206.44322983,2.031116247177124,18.83,0.0,1,1,1,1,0.9899704142011834,1,0.7764732
543,581599.4956661405,4511256.44322983,1.8727785348892207,18.83,0.0,1,1,1,1,0.9999704142011834,1,0.99149346
544,581599.4956661405,4511306.44322983,2.507805347442627,18.83,0.0,1,1,1,1,0.7012649566716905,1,0.51075447
545,581599.4956661405,4511356.44322983,2.389516115188598,18.83,0.0,1,1,1,1,0.9774290920491686,1,0.903018
546,581599.4956661405,4511406.44322983,2.316978931427002,18.83,0.0,1,1,1,1,0.965567091958221,1,0.8209022
547,581599.4956661405,4511456.44322983,2.4331207275390625,18.83,0.0,1,1,1,1,0.9730124253825018,1,0.6583585
548,581599.4956661405,4511506.44322983,1.1595914363861084,18.83,0.0,1,1,1,1,0.9999731182795699,1,0.99168444
549,581599.4956661405,4511556.44322983,1.8090674877166748,18.83,0.0,1,1,1,1,0.9999704142011834,1,0.99149346
550,581599.4956661405,4511606.44322983,1.9072661399841309,18.83,0.0,1,1,1,1,0.9999704142011834,1,0.99149346
551,581599.4956661405,4511656.44322983,1.5433772802352903,18.83,0.0,1,1,1,1,0.9513868274582559,1,0.7480996
552,581599.4956661405,4511706.44322983,1.94771409034729,18.83,0.0,1,1,1,1,0.9999704142011834,1,0.99149346
553,581599.4956661405,4511756.44322983,1.4042847156524658,18.83,0.0,1,1,1,1,0.9999731182795699,1,0.99304754
554,581599.4956661405,4511806.44322983,1.6269530057907104,18.83,0.0,1,1,1,1,1.0,1,0.97986585
555,581599.4956661405,4511856.44322983,1.185157060623169,18.83,0.0,1,1,1,1,0.9999731182795699,1,0.99168444
556,581599.4956661405,4511906.44322983,1.2479608058929443,18.83,0.0,1,1,1,1,0.9999731182795699,1,0.99201995
557,581599.4956661405,4511956.44322983,1.0782626867294312,18.83,0.0,1,1,1,1,0.9998333333333334,1,0.9875996
558,581599.4956661405,4512006.44322983,1.2448674440383911,18.83,0.0,1,1,1,1,0.9999731182795699,1,0.9918779
559,581599.4956661405,4512056.44322983,1.085405707359314,18.83,0.0,1,1,1,1,0.9998333333333334,1,0.9875996
560,581599.4956661405,4512106.44322983,1.2060753107070925,18.83,0.0,1,1,1,1,0.9999731182795699,1,0.9918779
561,581599.4956661405,4512156.44322983,1.1508917808532717,18.83,0.0,1,1,1,1,0.9999731182795699,1,0.9899339
562,581599.4956661405,4512206.44322983,2.0419273376464844,18.83,0.0,1,1,1,1,0.7903409065437889,1,0.7764732
563,581599.4956661405,4512256.44322983,1.7497297525405884,18.83,1.2302072768379648,0,0,0,0,0.36,1,0.9457222
564,581599.4956661405,4512306.44322983,2.5683608055114746,18.83,21.9985074075352,0,0,0,0,0.03896083358055606,0,0.27145177
566,581649.4956661405,4509756.44322983,2.3258867263793945,18.83,0.0,1,1,1,1,0.9697337586248876,1,0.62156546
567,581649.4956661405,4509806.44322983,2.14148497581482,18.83,0.0,1,1,1,1,0.9987291669689412,1,0.96966165
568,581649.4956661405,4509856.44322983,1.886298894882202,18.83,0.0,1,1,1,1,0.9999704142011834,1,0.99149346
569,581649.4956661405,4509906.44322983,0.931493639945984,18.83,0.0,1,1,1,1,0.9998333333333334,1,0.9875996
570,581649.4956661405,4509956.44322983,1.2466689348220823,18.83,0.0,1,1,1,1,0.9999731182795699,1,0.99201995
571,581649.4956661405,4510006.44322983,1.4588366746902466,18.83,0.0,1,1,1,1,0.9649731182795699,1,0.9149738
572,581649.4956661405,4510056.44322983,1.145826816558838,18.83,0.0,1,1,1,1,0.9649731182795699,1,0.9899339
573,581649.4956661405,4510106.44322983,1.4938427209854126,18.83,0.0,1,1,1,1,0.9995119502922695,1,0.95868194
574,581649.4956661405,4510156.44322983,1.5493470430374146,18.83,0.0,1,1,1,1,0.970386827458256,1,0.8698839
575,581649.4956661405,4510206.44322983,1.2482174634933472,18.83,0.0,1,1,1,1,0.9999731182795699,1,0.99201995
576,581649.4956661405,4510256.44322983,1.4332215785980225,18.83,0.0,1,1,1,1,0.9999731182795699,1,0.99304754
577,581649.4956661405,4510306.44322983,2.1397793292999268,18.83,0.0,1,1,1,1,0.9987291669689412,1,0.96966165
578,581649.4956661405,4510356.44322983,2.1800074577331543,18.83,0.0,1,1,1,1,0.9887291669689412,1,0.9668237
579,581649.4956661405,4510406.44322983,1.8618696928024288,18.83,0.0,1,1,1,1,0.9999704142011834,1,0.99149346
580,581649.4956661405,4510456.44322983,2.3884799480438232,18.83,0.0,1,1,1,1,0.9622207587158351,1,0.903018
581,581649.4956661405,4510506.44322983,1.797360062599182,18.83,0.0,1,1,1,1,0.9999704142011834,1,0.99149346
582,581649.4956661405,4510556.44322983,1.7909181118011477,18.83,0.0,1,1,1,1,0.9999704142011834,1,0.99149346
583,581649.4956661405,4510606.44322983,2.473929643630981,18.83,0.0,1,1,1,1,0.9125635497452833,1,0.7490553
584,581649.4956661405,4510656.44322983,1.6585685014724731,18.83,0.0,1,1,1,1,1.0,1,0.97986585
585,581649.4956661405,4510706.44322983,1.921750783920288,18.83,0.0,1,1,1,1,0.9999704142011834,1,0.99149346
586,581649.4956661405,4510756.44322983,1.951087594032288,18.83,0.0,1,1,1,1,0.9999704142011834,1,0.99149346
587,581649.4956661405,4510806.44322983,1.61119544506073,18.83,0.0,1,1,1,1,1.0,1,0.97589475
588,581649.4956661405,4510856.44322983,2.309382915496826,18.83,0.0,1,1,1,1,0.9451504252915542,1,0.8209022
589,581649.4956661405,4510906.44322983,1.7123346328735352,18.83,0.0,1,1,1,1,1.0,1,0.98194844
590,581649.4956661405,4510956.44322983,1.501854419708252,18.83,0.0,1,1,1,1,0.9995119502922695,1,0.95868194
591,581649.4956661405,4511006.44322983,1.7178202867507937,18.83,0.0,1,1,1,1,1.0,1,0.98194844
592,581649.4956661405,4511056.44322983,1.8806843757629397,18.83,0.0,1,1,1,1,0.9999704142011834,1,0.99149346
593,581649.4956661405,4511106.44322983,1.562464952468872,18.83,0.0,1,1,1,1,1.0,1,0.97589475
594,581649.4956661405,4511156.44322983,1.974373698234558,18.83,0.0,1,1,1,1,0.9999704142011834,1,0.99149346
595,581649.4956661405,4511206.44322983,2.264990329742432,18.83,0.0,1,1,1,1,0.9991113543572014,1,0.9384555
596,581649.4956661405,4511256.44322983,2.2500500679016118,18.83,0.0,1,1,1,1,0.9991113543572014,1,0.9482906
597,581649.4956661405,4511306.44322983,2.578354835510254,18.83,6.2847807325618446,0,0,0,0,0.19590296564940052,0,0.27145177
598,581649.4956661405,4511356.44322983,2.564824104309082,18.83,4.22915472800229,0,0,0,0,0.03896083358055606,0,0.122851655
599,581649.4956661405,4511406.44322983,2.023271322250366,18.83,0.0,1,1,1,1,0.9999704142011834,1,0.9896186
600,581649.4956661405,4511456.44322983,2.159698247909546,18.83,0.0,1,1,1,1,0.9987291669689412,1,0.96966165
601,581649.4956661405,4511506.44322983,2.588774442672729,18.83,0.0,1,1,1,1,0.8164209297296396,0,0.27145177
602,581649.4956661405,4511556.44322983,2.5091540813446045,18.83,4.577589560473871,0,0,0,1,0.5052816712522594,1,0.51075447
603,581649.4956661405,4511606.44322983,2.398594379425049,18.83,0.0,1,1,1,1,0.9886790920491686,1,0.903018
604,581649.4956661405,4511656.44322983,2.436656951904297,18.83,0.0,1,1,1,1,0.792216970837047,1,0.6583585
605,581649.4956661405,4511706.44322983,1.919999957084656,18.83,0.0,1,1,1,1,0.9999704142011834,1,0.99149346
606,581649.4956661405,4511756.44322983,2.3424580097198486,18.83,0.0,1,1,1,1,0.5794285638196928,1,0.62156546
607,581649.4956661405,4511806.44322983,1.699236273765564,18.83,0.0,1,1,1,1,1.0,1,0.9812335
608,581649.4956661405,4511856.44322983,1.7324410676956177,18.83,0.0,1,1,1,1,1.0,1,0.98194844
609,581649.4956661405,4511906.44322983,1.8618686199188232,18.83,0.0,1,1,1,1,0.9999704142011834,1,0.99149346
610,581649.4956661405,4511956.44322983,1.14434015750885,18.83,4.403913342069427,0,0,0,0,0.39483333333333337,1,0.9866175
611,581649.4956661405,4512006.44322983,1.1567224264144895,18.83,0.0,1,1,1,1,0.9999731182795699,1,0.9911226
612,581649.4956661405,4512056.44322983,1.2224704027175903,18.83,0.0,1,1,1,1,0.9999731182795699,1,0.9918779
613,581649.4956661405,4512106.44322983,1.0064425468444824,18.83,0.0,1,1,1,1,0.9998333333333334,1,0.9875996
614,581649.4956661405,4512156.44322983,1.2000788450241089,18.83,0.0,1,1,1,1,0.9999731182795699,1,0.9918779
615,581649.4956661405,4512206.44322983,0.970435917377472,18.83,0.0,1,1,1,1,0.9998333333333334,1,0.9875996
616,581649.4956661405,4512256.44322983,2.555638074874878,18.83,0.0,1,1,1,1,0.8218278714678143,1,0.63720137
617,581649.4956661405,4512306.44322983,2.72525405883789,18.83,0.0,1,1,1,1,0.6398011235610601,0,0.38813844
618,581649.4956661405,4512356.44322983,1.9654440879821775,18.83,0.0,1,1,1,1,0.9999704142011834,1,0.99149346
621,581699.4956661405,4509756.44322983,2.20547103881836,18.83,0.0,1,1,1,1,0.99711542642099,1,0.9047148
622,581699.4956661405,4509806.44322983,2.1301381587982178,18.83,0.0,1,1,1,1,0.9987291669689412,1,0.96966165
623,581699.4956661405,4509856.44322983,1.968088269233704,18.83,0.0,1,1,1,1,0.9999704142011834,1,0.99149346
624,581699.4956661405,4509906.44322983,2.5314738750457764,18.83,0.0,1,1,1,1,0.902413927884516,1,0.7251321
625,581699.4956661405,4509956.44322983,3.005408763885498,18.83,0.0,1,1,1,0,0.4495857384010508,0,0.11338634
626,581699.4956661405,4510006.44322983,1.3615436553955078,18.83,0.0,1,1,1,1,0.9999731182795699,1,0.99236166
627,581699.4956661405,4510056.44322983,1.983786702156067,18.83,0.0,1,1,1,1,0.9999704142011834,1,0.99149346
628,581699.4956661405,4510106.44322983,2.786871671676636,18.83,0.0,1,1,1,1,0.7323587028728951,1,0.6508285
629,581699.4956661405,4510156.44322983,2.615745306015014,18.83,0.0,1,1,1,1,0.7297562754414914,0,0.47718018
630,581699.4956661405,4510206.44322983,2.108953952789306,18.83,0.0,1,1,1,1,0.9987291669689412,1,0.96966165
631,581699.4956661405,4510256.44322983,1.6339950561523438,18.83,0.0,1,1,1,1,1.0,1,0.97986585
632,581699.4956661405,4510306.44322983,2.002338409423828,18.83,0.0,1,1,1,1,0.9999704142011834,1,0.99149346
633,581699.4956661405,4510356.44322983,2.177319049835205,18.83,0.0,1,1,1,1,0.9937291669689412,1,0.9668237
634,581699.4956661405,4510406.44322983,1.8255045413970947,18.83,0.0,1,1,1,1,0.9999704142011834,1,0.99149346
635,581699.4956661405,4510456.44322983,1.7887691259384155,18.83,0.0,1,1,1,1,0.9999704142011834,1,0.99149346
636,581699.4956661405,4510506.44322983,2.2785658836364746,18.83,0.0,1,1,1,1,0.9991113543572014,1,0.72381765
637,581699.4956661405,4510556.44322983,2.1310596466064453,18.83,0.0,1,1,1,1,0.9987291669689412,1,0.96966165
638,581699.4956661405,4510606.44322983,2.531103134155273,18.83,0.0,1,1,1,1,0.902413927884516,1,0.7251321
639,581699.4956661405,4510656.44322983,2.1575045585632324,18.83,0.0,1,1,1,1,0.9987291669689412,1,0.96966165
640,581699.4956661405,4510706.44322983,2.261114835739136,18.83,0.0,1,1,1,1,0.9991113543572014,1,0.9482906
641,581699.4956661405,4510756.44322983,1.6974867582321167,18.83,0.0,1,1,1,1,1.0,1,0.9812335
642,581699.4956661405,4510806.44322983,1.8243284225463867,18.83,0.0,1,1,1,1,0.9999704142011834,1,0.99149346
643,581699.4956661405,4510856.44322983,1.9071205854415891,18.83,0.0,1,1,1,1,0.9999704142011834,1,0.99149346
644,581699.4956661405,4510906.44322983,1.7851275205612185,18.83,0.0,1,1,1,1,0.9999704142011834,1,0.99149346
645,581699.4956661405,4510956.44322983,1.4067094326019287,18.83,0.0,1,1,1,1,0.9999731182795699,1,0.99304754
646,581699.4956661405,4511006.44322983,1.65303373336792,18.83,0.0,1,1,1,1,1.0,1,0.97986585
647,581699.4956661405,4511056.44322983,1.0723248720169067,18.83,0.0,1,1,1,1,0.9998333333333334,1,0.9875996
648,581699.4956661405,4511106.44322983,1.5206984281539917,18.83,0.0,1,1,1,1,0.9995119502922695,1,0.9517004
649,581699.4956661405,4511156.44322983,1.473119616508484,18.83,0.0,1,1,1,1,0.9995119502922695,1,0.9609657
650,581699.4956661405,4511206.44322983,2.2089242935180664,18.83,0.0,1,1,1,1,0.99711542642099,1,0.9047148
651,581699.4956661405,4511256.44322983,2.184686183929444,18.83,0.0,1,1,1,1,0.7582555202452945,1,0.9668237
652,581699.4956661405,4511306.44322983,2.3092048168182373,18.83,0.0,1,1,1,1,0.9451504252915542,1,0.65002936
653,581699.4956661405,4511356.44322983,2.1517229080200195,18.83,0.0,1,1,1,1,0.9987291669689412,1,0.96966165
654,581699.4956661405,4511406.44322983,2.368541717529297,18.83,0.0,1,1,1,1,0.8960337097396994,1,0.5958312
655,581699.4956661405,4511456.44322983,4.127840042114258,18.83,0.0,1,1,1,0,0.4418475274725274,0,0.0798122
656,581699.4956661405,4511506.44322983,3.7890894412994394,18.83,35.9986012836865,0,0,0,0,0.24344384781884784,0,0.070943855
657,581699.4956661405,4511556.44322983,2.8881423473358154,18.83,52.45768947683873,0,0,0,0,0.36881227331134037,0,0.20149563
658,581699.4956661405,4511606.44322983,2.280884027481079,18.83,14.521393799620936,0,0,0,1,0.9991113543572014,1,0.72381765
659,581699.4956661405,4511656.44322983,2.208472490310669,18.83,0.0,1,1,1,1,0.99711542642099,1,0.9047148
660,581699.4956661405,4511706.44322983,1.9456168413162231,18.83,0.0,1,1,1,1,0.9999704142011834,1,0.99149346
661,581699.4956661405,4511756.44322983,2.80518126487732,18.83,0.0,1,1,1,1,0.8079716982108907,1,0.6508285
662,581699.4956661405,4511806.44322983,1.9591785669326784,18.83,0.0,1,1,1,1,0.9999704142011834,1,0.99149346
663,581699.4956661405,4511856.44322983,1.7592486143112185,18.83,0.0,1,1,1,1,0.9999704142011834,1,0.99096453
664,581699.4956661405,4511906.44322983,2.0199999809265137,18.83,0.0,1,1,1,1,0.9999704142011834,1,0.9896186
665,581699.4956661405,4511956.44322983,0.9960128664970398,18.83,0.0,1,1,1,1,0.9998333333333334,1,0.9875996
666,581699.4956661405,4512006.44322983,1.7280797958374023,18.83,0.0,1,1,1,1,1.0,1,0.98194844
667,581699.4956661405,4512056.44322983,1.3673814535140991,18.83,0.0,1,1,1,1,0.9999731182795699,1,0.99236166
668,581699.4956661405,4512106.44322983,0.8694466948509216,18.83,0.0,1,1,1,1,0.9998333333333334,1,0.9875996
669,581699.4956661405,4512156.44322983,1.124016523361206,18.83,0.0,1,1,1,1,0.9998333333333334,1,0.9875996
670,581699.4956661405,4512206.44322983,0.7968845367431641,18.83,0.0,1,1,1,1,0.9998333333333334,1,0.9875996
671,581699.4956661405,4512256.44322983,2.202040910720825,18.83,0.0,1,1,1,1,0.99711542642099,1,0.9047148
672,581699.4956661405,4512306.44322983,2.7606353759765625,18.83,0.0,1,1,1,1,0.6412485650646942,0,0.4267993
673,581699.4956661405,4512356.44322983,2.3853158950805664,18.83,0.0,1,1,1,0,0.48711270010777646,1,0.68862534
674,581699.4956661405,4512406.44322983,1.031713604927063,18.83,0.0,1,1,1,1,0.9998333333333334,1,0.9875996
677,581749.4956661405,4509756.44322983,2.176572561264038,18.83,0.0,1,1,1,1,0.9937291669689412,1,0.96838224
678,581749.4956661405,4509806.44322983,2.2980282306671143,18.83,0.0,1,1,1,1,0.6866478357170328,1,0.65002936
679,581749.4956661405,4509856.44322983,2.481271266937256,18.83,0.0,1,1,1,1,0.9178968830786168,1,0.7490553
680,581749.4956661405,4509906.44322983,2.371192455291748,18.83,0.0,1,1,1,1,0.9238114875174773,1,0.5958312
681,581749.4956661405,4509956.44322983,3.0433895587921143,18.83,15.93231192379433,0,0,0,0,0.20732774559073108,0,0.1322983
682,581749.4956661405,4510006.44322983,3.4048004150390625,18.83,22.66035432129601,0,0,0,0,0.2252320164444345,0,0.2327592
683,581749.4956661405,4510056.44322983,4.067628383636475,18.83,29.32764274480982,0,0,0,0,0.08390109890109891,0,0.0658529
684,581749.4956661405,4510106.44322983,3.385916233062744,18.83,31.05816202555696,0,0,0,0,0.26835070331312133,0,0.2327592
685,581749.4956661405,4510156.44322983,2.892765760421753,18.83,32.471737298285696,0,0,0,0,0.3008954368797981,0,0.17054245
686,581749.4956661405,4510206.44322983,2.3851475715637207,18.83,26.87040775963129,0,0,0,0,0.48711270010777646,1,0.68862534
687,581749.4956661405,4510256.44322983,2.454904794692993,18.83,1.0535546879950708,0,0,0,1,0.5900667297382768,0,0.46308076
688,581749.4956661405,4510306.44322983,1.9898207187652588,18.83,2.639250231205561,0,0,0,1,0.9999704142011834,1,0.99149346
689,581749.4956661405,4510356.44322983,2.222928285598755,18.83,0.0,1,1,1,1,0.9722908650174812,1,0.81415284
690,581749.4956661405,4510406.44322983,2.46165132522583,18.83,0.0,1,1,1,1,0.5900667297382768,0,0.46308076
691,581749.4956661405,4510456.44322983,2.798349380493164,18.83,0.0,1,1,1,1,0.8056989709381632,1,0.6508285
692,581749.4956661405,4510506.44322983,2.6682417392730717,18.83,0.0,1,1,1,1,0.728641098945153,0,0.34809735
693,581749.4956661405,4510556.44322983,3.1313343048095703,18.83,5.098198778020983,0,0,0,0,0.18223434476365122,0,0.15224822
694,581749.4956661405,4510606.44322983,2.9739744663238525,18.83,0.0,1,1,1,1,0.7238813769081545,1,0.5120237
695,581749.4956661405,4510656.44322983,2.881331205368042,18.83,0.0,1,1,1,0,0.45502320127226853,0,0.20149563
696,581749.4956661405,4510706.44322983,2.099231719970703,18.83,0.0,1,1,1,1,0.9987291669689412,1,0.96966165
697,581749.4956661405,4510756.44322983,2.212695837020874,18.83,0.0,1,1,1,1,0.99711542642099,1,0.9047148
698,581749.4956661405,4510806.44322983,1.942467451095581,18.83,0.0,1,1,1,1,0.9999704142011834,1,0.99149346
699,581749.4956661405,4510856.44322983,1.9702343940734863,18.83,0.0,1,1,1,1,0.9999704142011834,1,0.99149346
700,581749.4956661405,4510906.44322983,0.880182683467865,18.83,0.0,1,1,1,1,0.9998333333333334,1,0.9875996
701,581749.4956661405,4510956.44322983,0.950546383857727,18.83,0.0,1,1,1,1,0.9998333333333334,1,0.9875996
702,581749.4956661405,4511006.44322983,1.0079554319381714,18.83,0.0,1,1,1,1,0.9998333333333334,1,0.9875996
703,581749.4956661405,4511056.44322983,1.410690426826477,18.83,0.0,1,1,1,1,0.9999731182795699,1,0.99304754
704,581749.4956661405,4511106.44322983,1.722145676612854,18.83,0.0,1,1,1,1,1.0,1,0.98194844
705,581749.4956661405,4511156.44322983,2.0138673782348637,18.83,0.0,1,1,1,1,0.9999704142011834,1,0.99149346
706,581749.4956661405,4511206.44322983,1.8095005750656128,18.83,0.0,1,1,1,1,0.9999704142011834,1,0.99149346
707,581749.4956661405,4511256.44322983,2.042591094970703,18.83,0.0,1,1,1,1,0.9039627014155838,1,0.7764732
708,581749.4956661405,4511306.44322983,2.471651792526245,18.83,0.0,1,1,1,1,0.8299008513325851,1,0.7490553
709,581749.4956661405,4511356.44322983,2.7566237449646,18.83,3.2744887338490454,0,0,0,0,0.31480721130800143,0,0.4267993
710,581749.4956661405,4511406.44322983,2.899829387664795,18.83,3.255404027924228,0,0,0,0,0.23915346882291477,0,0.27002326
711,581749.4956661405,4511456.44322983,2.9616732597351074,18.83,22.090776227606877,0,0,0,1,0.5666446466943147,1,0.5120237
712,581749.4956661405,4511506.44322983,3.24324893951416,18.83,62.23946141021868,0,0,0,0,0.23873131129445924,0,0.116955474
713,581749.4956661405,4511556.44322983,3.5585880279541016,18.83,85.04170156508464,0,0,0,0,0.036330120736996256,0,0.1144524
714,581749.4956661405,4511606.44322983,3.64787220954895,18.83,53.6106863013746,0,0,0,0,0.07931899861434705,0,0.16863799
715,581749.4956661405,4511656.44322983,2.978858232498169,18.83,26.04302414761476,0,0,0,0,0.321767485340622,0,0.09946159
716,581749.4956661405,4511706.44322983,2.666693925857544,18.83,5.642587444832167,0,0,0,1,0.5893126357416898,0,0.34809735
717,581749.4956661405,4511756.44322983,2.205086708068848,18.83,0.0,1,1,1,1,0.99711542642099,1,0.9047148
718,581749.4956661405,4511806.44322983,2.3932852745056152,18.83,0.0,1,1,1,1,0.9824290920491685,1,0.903018
719,581749.4956661405,4511856.44322983,2.0299999713897705,18.83,0.0,1,1,1,1,0.9999704142011834,1,0.7764732
720,581749.4956661405,4511906.44322983,1.7928054332733154,18.83,0.0,1,1,1,1,0.9999704142011834,1,0.99149346
721,581749.4956661405,4511956.44322983,1.409326434135437,18.83,0.0,1,1,1,1,0.9999731182795699,1,0.99304754
722,581749.4956661405,4512006.44322983,2.442211151123047,18.83,0.0,1,1,1,1,0.6529833964049433,0,0.46308076
723,581749.4956661405,4512056.44322983,1.832818865776062,18.83,0.0,1,1,1,1,0.9999704142011834,1,0.99149346
724,581749.4956661405,4512106.44322983,2.040559768676758,18.83,0.0,1,1,1,1,0.7539704142011834,1,0.7764732
725,581749.4956661405,4512156.44322983,1.0627671480178833,18.83,0.0,1,1,1,1,0.9998333333333334,1,0.9875996
726,581749.4956661405,4512206.44322983,0.8167624473571777,18.83,0.0,1,1,1,1,0.9998333333333334,1,0.9875996
727,581749.4956661405,4512256.44322983,-0.9256120920181274,18.83,0.0,1,1,1,1,0.9998333333333334,1,0.9875996
728,581749.4956661405,4512306.44322983,2.4369149208068848,18.83,24.14813116012376,0,0,0,0,0.4954791090256562,1,0.6583585
729,581749.4956661405,4512356.44322983,2.2849884033203125,18.83,0.0,1,1,1,1,0.992028021023868,1,0.72381765
730,581749.4956661405,4512406.44322983,0.874409556388855,18.83,0.0,1,1,1,1,0.9998333333333334,1,0.9875996
733,581799.4956661405,4509706.44322983,1.6503220796585083,18.83,0.0,1,1,1,1,1.0,1,0.97986585
734,581799.4956661405,4509756.44322983,2.0852484703063965,18.83,0.0,1,1,1,1,0.9987291669689412,1,0.9251266
735,581799.4956661405,4509806.44322983,2.221876382827759,18.83,0.0,1,1,1,1,0.9722908650174812,1,0.81415284
736,581799.4956661405,4509856.44322983,2.848680019378662,18.83,0.3106276596277607,0,0,0,0,0.19793223912983562,0,0.2465851
737,581799.4956661405,4509906.44322983,3.5218944549560547,18.83,35.240239175295024,0,0,0,0,0.2559728392117752,0,0.19879568
738,581799.4956661405,4509956.44322983,4.278192043304443,18.83,36.405934083686375,0,0,0,0,0.005,0,0.0062335567
739,581799.4956661405,4510006.44322983,5.0362958908081055,18.83,70.58022800739069,0,0,0,0,0.0,0,0.0062335567
740,581799.4956661405,4510056.44322983,5.121795177459717,18.83,74.16972054114325,0,0,0,0,0.0,0,0.0062335567
741,581799.4956661405,4510106.44322983,5.466256141662598,18.83,78.0792350190731,0,0,0,0,0.085,0,0.0062335567
742,581799.4956661405,4510156.44322983,6.451836109161377,18.83,79.78200656018002,0,0,0,0,0.0,0,0.0037584694
743,581799.4956661405,4510206.44322983,5.36362361907959,18.83,66.30561453406234,0,0,0,0,0.0,0,0.0062335567
744,581799.4956661405,4510256.44322983,4.591270923614502,18.83,45.08131539504913,0,0,0,0,0.0,0,0.0062335567
745,581799.4956661405,4510306.44322983,3.810519218444824,18.83,48.63964625443906,0,0,0,0,0.0022344322344322346,0,0.02698475
746,581799.4956661405,4510356.44322983,3.420137882232666,18.83,36.52536742490401,0,0,0,0,0.3280196177320358,0,0.34002382
747,581799.4956661405,4510406.44322983,2.7912635803222656,18.83,33.853916676096674,0,0,0,1,0.7323587028728951,1,0.6508285
748,581799.4956661405,4510456.44322983,3.073185682296753,18.83,19.32550368312292,0,0,0,0,0.31054506133981796,0,0.294706
749,581799.4956661405,4510506.44322983,3.05187726020813,18.83,13.113011862346209,0,0,0,0,0.16342435731234276,0,0.1322983
750,581799.4956661405,4510556.44322983,4.549877166748047,18.83,6.060919541572691,0,0,0,0,0.0,0,0.0062335567
751,581799.4956661405,4510606.44322983,2.8590221405029297,18.83,2.343670388459944,0,0,0,0,0.19793223912983562,0,0.20149563
752,581799.4956661405,4510656.44322983,2.888455867767334,18.83,0.0,1,1,1,0,0.35756227331134044,0,0.20149563
753,581799.4956661405,4510706.44322983,2.4101715087890625,18.83,0.0,1,1,1,1,0.9886790920491686,1,0.903018
754,581799.4956661405,4510756.44322983,2.5954244136810303,18.83,0.0,1,1,1,1,0.8164209297296396,0,0.47718018
755,581799.4956661405,4510806.44322983,2.880445003509521,18.83,0.0,1,1,1,0,0.45502320127226853,0,0.20149563
756,581799.4956661405,4510856.44322983,2.4900448322296143,18.83,0.0,1,1,1,1,0.8202968830786166,1,0.51075447
757,581799.4956661405,4510906.44322983,2.1894845962524414,18.83,0.0,1,1,1,0,0.3884478279376022,1,0.810939
758,581799.4956661405,4510956.44322983,1.9971238374710083,18.83,0.0,1,1,1,1,0.9999704142011834,1,0.99149346
759,581799.4956661405,4511006.44322983,1.96125328540802,18.83,0.0,1,1,1,1,0.9999704142011834,1,0.99149346
760,581799.4956661405,4511056.44322983,1.889209866523743,18.83,0.0,1,1,1,1,0.9999704142011834,1,0.99149346
761,581799.4956661405,4511106.44322983,1.1534175872802734,18.83,0.0,1,1,1,1,0.9999731182795699,1,0.9911226
762,581799.4956661405,4511156.44322983,1.6021151542663574,18.83,0.0,1,1,1,1,1.0,1,0.97589475
763,581799.4956661405,4511206.44322983,1.8305608034133911,18.83,0.0,1,1,1,1,0.9999704142011834,1,0.99149346
764,581799.4956661405,4511256.44322983,1.5587292909622192,18.83,0.0,1,1,1,1,0.754,1,0.8379774
765,581799.4956661405,4511306.44322983,2.340902805328369,18.83,21.03687287994795,0,0,0,1,0.5794285638196928,1,0.62156546
766,581799.4956661405,4511356.44322983,2.968031883239746,18.83,39.44139155230959,0,0,0,1,0.7266264749473702,1,0.5120237
767,581799.4956661405,4511406.44322983,3.2575740814208984,18.83,53.1105524064553,0,0,0,0,0.36745712499433275,0,0.31203136
768,581799.4956661405,4511456.44322983,3.5176076889038086,18.83,65.4402480647217,0,0,0,0,0.2466871249260609,0,0.19879568
769,581799.4956661405,4511506.44322983,3.9309446811676025,18.83,92.79616051304836,0,0,0,0,0.0022344322344322346,0,0.02698475
770,581799.4956661405,4511556.44322983,2.8096625804901123,18.83,123.16347721005404,0,0,0,1,0.8075219627611552,1,0.6508285
771,581799.4956661405,4511606.44322983,3.1037557125091557,18.83,94.20083687599517,0,0,0,1,0.5213640479243206,0,0.27113864
772,581799.4956661405,4511656.44322983,3.033402681350708,18.83,62.78488786888565,0,0,0,0,0.24971240980995416,0,0.1165181
773,581799.4956661405,4511706.44322983,2.8950774669647217,18.83,15.336269831010515,0,0,0,0,0.2078871644750887,0,0.17054245
774,581799.4956661405,4511756.44322983,1.8393027782440183,18.83,0.0,1,1,1,1,0.9999704142011834,1,0.99149346
775,581799.4956661405,4511806.44322983,2.060622453689575,18.83,0.0,1,1,1,1,0.9842331095788491,1,0.7246365
776,581799.4956661405,4511856.44322983,2.225566864013672,18.83,0.0,1,1,1,1,0.7731986559445029,1,0.94678116
777,581799.4956661405,4511906.44322983,1.9854116439819336,18.83,0.0,1,1,1,1,0.9999704142011834,1,0.99149346
778,581799.4956661405,4511956.44322983,1.6191664934158323,18.83,0.0,1,1,1,1,1.0,1,0.9783733
779,581799.4956661405,4512006.44322983,1.850000023841858,18.83,0.0,1,1,1,1,0.9999704142011834,1,0.99149346
780,581799.4956661405,4512056.44322983,1.7795844078063965,18.83,0.0,1,1,1,1,0.9999704142011834,1,0.99149346
781,581799.4956661405,4512106.44322983,1.5093910694122314,18.83,0.0,1,1,1,1,0.9995119502922695,1,0.95868194
782,581799.4956661405,4512156.44322983,1.266181468963623,18.83,0.0,1,1,1,1,0.9999731182795699,1,0.9921591
783,581799.4956661405,4512206.44322983,1.317284345626831,18.83,0.0,1,1,1,1,0.9999731182795699,1,0.99231076
784,581799.4956661405,4512256.44322983,-0.7569081783294678,18.83,0.0,1,1,1,1,0.9998333333333334,1,0.9875996
785,581799.4956661405,4512306.44322983,2.742068290710449,18.83,28.357130085594196,0,0,0,0,0.25738459226038246,0,0.38813844
786,581799.4956661405,4512356.44322983,0.631278395652771,18.83,0.0,1,1,1,1,0.9998333333333334,1,0.9875996
787,581799.4956661405,4512406.44322983,0.8474529981613159,18.83,0.0,1,1,1,1,0.9998333333333334,1,0.9875996
789,581849.4956661405,4509706.44322983,1.654199481010437,18.83,0.0,1,1,1,1,1.0,1,0.97986585
790,581849.4956661405,4509756.44322983,1.9675586223602293,18.83,0.0,1,1,1,1,0.9999704142011834,1,0.99149346
791,581849.4956661405,4509806.44322983,1.9947385787963867,18.83,0.0,1,1,1,1,0.9999704142011834,1,0.99149346
792,581849.4956661405,4509856.44322983,3.1149134635925293,18.83,31.49704756578901,0,0,0,0,0.45289786352392575,0,0.27113864
793,581849.4956661405,4509906.44322983,3.651757001876831,18.83,68.06829769786832,0,0,0,0,0.07931899861434705,0,0.16863799
794,581849.4956661405,4509956.44322983,4.196379661560059,18.83,84.60210693462466,0,0,0,0,0.035,0,0.0062335567
795,581849.4956661405,4510006.44322983,5.094493865966797,18.83,104.61543460846282,0,0,0,0,0.0,0,0.0062335567
796,581849.4956661405,4510056.44322983,6.612186908721924,18.83,122.34744042895991,0,0,0,0,0.0,0,0.0037584694
797,581849.4956661405,4510106.44322983,7.491695404052734,18.83,127.32334012685558,0,0,0,0,0.0,0,0.0037584694
798,581849.4956661405,4510156.44322983,7.8154296875,18.83,128.41084059377815,0,0,0,0,0.0,0,0.0037584694
799,581849.4956661405,4510206.44322983,7.736504077911377,18.83,110.24205655297378,0,0,0,0,0.0,0,0.0037584694
800,581849.4956661405,4510256.44322983,7.314918518066406,18.83,94.5331706249852,0,0,0,0,0.0,0,0.0037584694
801,581849.4956661405,4510306.44322983,5.485918521881104,18.83,94.386386667196,0,0,0,0,0.03,0,0.0037584694
802,581849.4956661405,4510356.44322983,4.570156097412109,18.83,86.42103219910456,0,0,0,0,0.0,0,0.0062335567
803,581849.4956661405,4510406.44322983,4.122669219970703,18.83,82.21277523212854,0,0,0,0,0.18679990842490846,0,0.0798122
804,581849.4956661405,4510456.44322983,3.879574060440064,18.83,66.11592176012061,0,0,0,0,0.0022344322344322346,0,0.02698475
805,581849.4956661405,4510506.44322983,3.323246479034424,18.83,58.12585892304245,0,0,0,1,0.7755312445959502,0,0.31203136
806,581849.4956661405,4510556.44322983,3.9320123195648193,18.83,55.002599466132,0,0,0,0,0.0022344322344322346,0,0.02698475
807,581849.4956661405,4510606.44322983,3.2245683670043945,18.83,52.05385359991835,0,0,0,0,0.18064858846173631,0,0.116955474
808,581849.4956661405,4510656.44322983,3.659313201904297,18.83,45.65582471288658,0,0,0,0,0.0614618557572042,0,0.16863799
809,581849.4956661405,4510706.44322983,3.1985700130462646,18.83,34.38883116970243,0,0,0,0,0.18207283088597875,0,0.116955474
810,581849.4956661405,4510756.44322983,2.9333298206329346,18.83,25.012588768409596,0,0,0,0,0.3023331071922083,0,0.26757428
811,581849.4956661405,4510806.44322983,3.05122709274292,18.83,26.288304561088545,0,0,0,0,0.16342435731234276,0,0.1322983
812,581849.4956661405,4510856.44322983,2.9923484325408936,18.83,31.21346446176586,0,0,0,0,0.12413778580095121,0,0.09946159
813,581849.4956661405,4510906.44322983,2.322033643722534,18.83,0.0,1,1,1,1,0.9697337586248876,1,0.8209022
814,581849.4956661405,4510956.44322983,2.22526478767395,18.83,5.030781963070773,0,0,0,0,0.36773711748296456,1,0.81415284
815,581849.4956661405,4511006.44322983,1.3896564245224,18.83,0.0,1,1,1,1,0.9999731182795699,1,0.99304754
816,581849.4956661405,4511056.44322983,1.7516297101974487,18.83,0.0,1,1,1,1,0.9199704142011833,1,0.9457222
817,581849.4956661405,4511106.44322983,1.693367838859558,18.83,0.0,1,1,1,1,1.0,1,0.9812335
818,581849.4956661405,4511156.44322983,2.3230977058410645,18.83,0.0,1,1,1,1,0.9697337586248876,1,0.8209022
819,581849.4956661405,4511206.44322983,1.982912540435791,18.83,0.0,1,1,1,1,0.9999704142011834,1,0.99149346
820,581849.4956661405,4511256.44322983,2.1333770751953125,18.83,0.0,1,1,1,1,0.9987291669689412,1,0.96966165
821,581849.4956661405,4511306.44322983,2.8513166904449463,18.83,10.546318467302395,0,0,0,0,0.19793223912983562,0,0.2465851
822,581849.4956661405,4511356.44322983,3.371941089630127,18.83,59.76333929718781,0,0,0,0,0.4887221345858206,0,0.47750416
823,581849.4956661405,4511406.44322983,3.4341366291046143,18.83,103.10545179190368,0,0,0,0,0.3824476480350662,0,0.34002382
824,581849.4956661405,4511456.44322983,4.047861099243164,18.83,112.61462023235384,0,0,0,0,0.20556181318681335,0,0.14302093
825,581849.4956661405,4511506.44322983,4.356668949127197,18.83,133.08335133539623,0,0,0,0,0.0,0,0.0062335567
826,581849.4956661405,4511556.44322983,4.163952827453613,18.83,163.50612348651862,0,0,0,0,0.18184752747252753,0,0.06315725
827,581849.4956661405,4511606.44322983,4.000257015228272,18.83,127.02094821410228,0,0,0,0,0.02456776556776557,0,0.02698475
828,581849.4956661405,4511656.44322983,3.5404744148254395,18.83,85.09569507863829,0,0,0,0,0.47971319461857986,0,0.1144524
829,581849.4956661405,4511706.44322983,3.145004987716675,18.83,53.57588535574465,0,0,0,0,0.31670035446229533,0,0.1531642
830,581849.4956661405,4511756.44322983,2.3440041542053223,18.83,19.88846239461542,0,0,0,1,0.5794285638196928,1,0.62156546
831,581849.4956661405,4511806.44322983,2.5502521991729736,18.83,0.0,1,1,1,1,0.8821612048011477,1,0.63720137
832,581849.4956661405,4511856.44322983,-0.8628538846969604,18.83,0.0,1,1,1,1,0.9998333333333334,1,0.9875996
833,581849.4956661405,4511906.44322983,5.1129655838012695,18.83,0.9786463576734378,0,0,0,0,0.0,0,0.0062335567
834,581849.4956661405,4511956.44322983,1.442041039466858,18.83,0.0,1,1,1,1,0.9999731182795699,1,0.99304754
835,581849.4956661405,4512006.44322983,1.6435720920562744,18.83,0.0,1,1,1,1,1.0,1,0.97986585
836,581849.4956661405,4512056.44322983,1.6956647634506226,18.83,0.0,1,1,1,1,1.0,1,0.9812335
837,581849.4956661405,4512106.44322983,1.965857744216919,18.83,0.0,1,1,1,1,0.9999704142011834,1,0.99149346
838,581849.4956661405,4512156.44322983,1.801386475563049,18.83,0.0,1,1,1,1,0.9999704142011834,1,0.99149346
839,581849.4956661405,4512206.44322983,1.7338699102401731,18.83,0.0,1,1,1,1,1.0,1,0.98194844
840,581849.4956661405,4512256.44322983,2.36834979057312,18.83,0.0,1,1,1,1,0.8960337097396994,1,0.5958312
841,581849.4956661405,4512306.44322983,1.170897364616394,18.83,0.0,1,1,1,1,0.9999731182795699,1,0.99168444
842,581849.4956661405,4512356.44322983,0.8298759460449219,18.83,0.0,1,1,1,1,0.9998333333333334,1,0.9875996
843,581849.4956661405,4512406.44322983,0.6038409471511841,18.83,0.0,1,1,1,1,0.9998333333333334,1,0.9875996
844,581899.4956661405,4509656.44322983,2.890740156173706,18.83,0.0,1,1,1,0,0.44283483081919206,0,0.17054245
845,581899.4956661405,4509706.44322983,1.6723839044570925,18.83,0.0,1,1,1,1,1.0,1,0.9812335
846,581899.4956661405,4509756.44322983,1.7227271795272827,18.83,0.0,1,1,1,1,1.0,1,0.98194844
847,581899.4956661405,4509806.44322983,1.6871178150177002,18.83,0.0,1,1,1,1,1.0,1,0.9812335
848,581899.4956661405,4509856.44322983,3.5478529930114746,18.83,23.456259599846653,0,0,0,0,0.11219321597509149,0,0.1144524
849,581899.4956661405,4509906.44322983,3.5893783569335938,18.83,57.77563311103405,0,0,0,0,0.033330120736996253,0,0.068143174
850,581899.4956661405,4509956.44322983,4.0618414878845215,18.83,85.12565585045498,0,0,0,0,0.27347847985347995,0,0.14302093
851,581899.4956661405,4510006.44322983,4.68007230758667,18.83,95.10831713363596,0,0,0,0,0.0,0,0.0062335567
852,581899.4956661405,4510056.44322983,6.385739326477051,18.83,106.14992281056809,0,0,0,0,0.0,0,0.0037584694
853,581899.4956661405,4510106.44322983,7.092339038848877,18.83,114.48920268512975,0,0,0,0,0.0,0,0.0037584694
854,581899.4956661405,4510156.44322983,7.534328937530518,18.83,127.25475466358702,0,0,0,0,0.0,0,0.0037584694
855,581899.4956661405,4510206.44322983,7.812633991241455,18.83,117.39398690308867,0,0,0,0,0.0,0,0.0037584694
856,581899.4956661405,4510256.44322983,7.634832859039307,18.83,125.92444768498,0,0,0,0,0.0,0,0.0037584694
857,581899.4956661405,4510306.44322983,7.479959011077881,18.83,122.2454049514471,0,0,0,0,0.0,0,0.0037584694
858,581899.4956661405,4510356.44322983,6.79115629196167,18.83,132.9871507371642,0,0,0,0,0.0,0,0.0037584694
859,581899.4956661405,4510406.44322983,7.2036309242248535,18.83,128.4621498000158,0,0,0,0,0.0,0,0.0037584694
860,581899.4956661405,4510456.44322983,6.745501518249512,18.83,115.24088139772964,0,0,0,0,0.0,0,0.0037584694
861,581899.4956661405,4510506.44322983,6.045810699462891,18.83,105.64095052843578,0,0,0,0,0.0,0,0.0037584694
862,581899.4956661405,4510556.44322983,5.066437721252441,18.83,104.16954501712276,0,0,0,0,0.0,0,0.0062335567
863,581899.4956661405,4510606.44322983,4.241923809051514,18.83,101.91308367752774,0,0,0,0,0.005,0,0.0062335567
864,581899.4956661405,4510656.44322983,4.0200514793396,18.83,95.31766348174035,0,0,0,0,0.05248443223443223,0,0.02698475
865,581899.4956661405,4510706.44322983,3.564195394515991,18.83,83.08813677786247,0,0,0,0,0.033330120736996253,0,0.068143174
866,581899.4956661405,4510756.44322983,3.098210334777832,18.83,71.6216435631314,0,0,0,0,0.4469157335108359,0,0.27113864
867,581899.4956661405,4510806.44322983,2.934908866882324,18.83,72.5822092708456,0,0,0,0,0.31174977385887503,0,0.26757428
868,581899.4956661405,4510856.44322983,2.986336231231689,18.83,63.9873486625839,0,0,0,0,0.1291377858009512,0,0.09946159
869,581899.4956661405,4510906.44322983,2.5618550777435303,18.83,40.39241859427678,0,0,0,0,0.05750250024722273,0,0.122851655
870,581899.4956661405,4510956.44322983,2.723563432693481,18.83,43.262957261011785,0,0,0,1,0.56530112356106,0,0.34809735
871,581899.4956661405,4511006.44322983,2.070918321609497,18.83,19.504628014606777,0,0,0,0,0.44815533180107114,1,0.7246365
872,581899.4956661405,4511056.44322983,2.565133810043335,18.83,8.20135689006713,0,0,0,0,0.03896083358055606,0,0.122851655
873,581899.4956661405,4511106.44322983,2.497776746749878,18.83,1.8106933759024384,0,0,0,0,0.489681623338357,1,0.51075447
874,581899.4956661405,4511156.44322983,2.5319933891296387,18.83,21.550542944722597,0,0,0,1,0.6677564428963858,1,0.63720137
875,581899.4956661405,4511206.44322983,2.308345079421997,18.83,42.15495838345499,0,0,0,1,0.5555856706017994,1,0.65002936
876,581899.4956661405,4511256.44322983,2.9087250232696533,18.83,13.544122209404277,0,0,0,0,0.32370818494013087,0,0.27002326
877,581899.4956661405,4511306.44322983,2.46595311164856,18.83,32.32461557308946,0,0,0,0,0.3173898864203044,0,0.46308076
878,581899.4956661405,4511356.44322983,3.792334079742432,18.83,78.25658992778165,0,0,0,0,0.08252122877122878,0,0.070943855
879,581899.4956661405,4511406.44322983,3.9414587020874015,18.83,122.31361447454724,0,0,0,0,0.0022344322344322346,0,0.02698475
880,581899.4956661405,4511456.44322983,4.607110500335693,18.83,160.56326097626803,0,0,0,0,0.0,0,0.0062335567
881,581899.4956661405,4511506.44322983,5.070920467376709,18.83,177.12313207506233,0,0,0,0,0.0,0,0.0062335567
882,581899.4956661405,4511556.44322983,4.542628288269043,18.83,195.5845640594773,0,0,0,0,0.0,0,0.0062335567
883,581899.4956661405,4511606.44322983,4.471436023712158,18.83,155.40983570216144,0,0,0,0,0.0,0,0.0062335567
884,581899.4956661405,4511656.44322983,3.6723361015319824,18.83,121.60163636542362,0,0,0,0,0.0614618557572042,0,0.14889824
885,581899.4956661405,4511706.44322983,2.9519200325012207,18.83,87.15694501243132,0,0,0,1,0.5543021367532753,1,0.5375197
886,581899.4956661405,4511756.44322983,3.026590585708618,18.83,37.84802752045416,0,0,0,0,0.3151304420700917,0,0.1165181
887,581899.4956661405,4511806.44322983,2.274876356124878,18.83,0.0,1,1,1,1,0.9991113543572014,1,0.9384555
888,581899.4956661405,4511856.44322983,2.3719053268432617,18.83,0.0,1,1,1,1,0.9238114875174773,1,0.5958312
889,581899.4956661405,4511906.44322983,2.26842737197876,18.83,0.0,1,1,1,1,0.9991113543572014,1,0.9384555
890,581899.4956661405,4511956.44322983,2.139978408813477,18.83,0.0,1,1,1,1,0.9987291669689412,1,0.96966165
891,581899.4956661405,4512006.44322983,1.9000983238220213,18.83,0.0,1,1,1,1,0.9999704142011834,1,0.99149346
892,581899.4956661405,4512056.44322983,1.587544083595276,18.83,0.0,1,1,1,1,1.0,1,0.97589475
893,581899.4956661405,4512106.44322983,1.8459038734436035,18.83,0.0,1,1,1,1,0.9999704142011834,1,0.99149346
894,581899.4956661405,4512156.44322983,1.9814239740371704,18.83,0.0,1,1,1,1,0.9999704142011834,1,0.99149346
895,581899.4956661405,4512206.44322983,1.3824821710586548,18.83,0.0,1,1,1,1,0.9999731182795699,1,0.99304754
896,581899.4956661405,4512256.44322983,1.5321986675262451,18.83,0.0,1,1,1,1,0.9995119502922695,1,0.9494905
897,581899.4956661405,4512306.44322983,1.006574630737305,18.83,0.0,1,1,1,1,0.9998333333333334,1,0.9875996
898,581899.4956661405,4512356.44322983,1.011826515197754,18.83,0.0,1,1,1,1,0.9998333333333334,1,0.9875996
900,581949.4956661405,4509656.44322983,3.5001144409179688,18.83,0.0,1,1,1,0,0.36766654034268575,0,0.19879568
901,581949.4956661405,4509706.44322983,1.6871685981750488,18.83,0.0,1,1,1,1,1.0,1,0.9812335
902,581949.4956661405,4509756.44322983,1.51466703414917,18.83,0.0,1,1,1,1,0.9995119502922695,1,0.95705813
903,581949.4956661405,4509806.44322983,1.3247482776641846,18.83,0.0,1,1,1,1,0.9999731182795699,1,0.99231076
904,581949.4956661405,4509856.44322983,3.446310043334961,18.83,0.0,1,1,1,1,0.7770142967592377,0,0.49270874
905,581949.4956661405,4509906.44322983,3.698923587799072,18.83,16.90086522817827,0,0,0,0,0.18585192667919004,0,0.14889824
906,581949.4956661405,4509956.44322983,3.840106725692749,18.83,36.47219127879951,0,0,0,0,0.0022344322344322346,0,0.02698475
907,581949.4956661405,4510006.44322983,4.128344535827637,18.83,48.42282019891457,0,0,0,0,0.25618086080586083,0,0.06315725
908,581949.4956661405,4510056.44322983,5.958441257476807,18.83,57.10147168833218,0,0,0,0,0.0,0,0.0037584694
909,581949.4956661405,4510106.44322983,6.7042083740234375,18.83,65.11651218468926,0,0,0,0,0.0,0,0.0037584694
910,581949.4956661405,4510156.44322983,6.611174583435059,18.83,81.54416517720495,0,0,0,0,0.0,0,0.0037584694
911,581949.4956661405,4510206.44322983,6.49709939956665,18.83,67.3971630042932,0,0,0,0,0.0,0,0.0037584694
912,581949.4956661405,4510256.44322983,6.5507354736328125,18.83,80.57880908325713,0,0,0,0,0.0,0,0.0037584694
913,581949.4956661405,4510306.44322983,7.165960311889648,18.83,72.28093630898577,0,0,0,0,0.0,0,0.0037584694
914,581949.4956661405,4510356.44322983,6.808917045593262,18.83,89.03539419292697,0,0,0,0,0.0,0,0.0037584694
915,581949.4956661405,4510406.44322983,7.565048217773437,18.83,124.6734024634918,0,0,0,0,0.0,0,0.0037584694
916,581949.4956661405,4510456.44322983,7.132852077484131,18.83,164.76764886224856,0,0,0,0,0.0,0,0.0037584694
917,581949.4956661405,4510506.44322983,7.514566421508789,18.83,154.50088141074232,0,0,0,0,0.0,0,0.0037584694
918,581949.4956661405,4510556.44322983,6.978330135345459,18.83,153.77039040518886,0,0,0,0,0.0,0,0.0037584694
919,581949.4956661405,4510606.44322983,6.964282989501953,18.83,151.86490567186286,0,0,0,0,0.0,0,0.0037584694
920,581949.4956661405,4510656.44322983,7.152212619781494,18.83,145.18163200960936,0,0,0,0,0.0,0,0.0037584694
921,581949.4956661405,4510706.44322983,6.652453899383545,18.83,132.19228019898895,0,0,0,0,0.0,0,0.0037584694
922,581949.4956661405,4510756.44322983,5.329734802246094,18.83,120.52498749481266,0,0,0,0,0.0,0,0.0062335567
923,581949.4956661405,4510806.44322983,5.025095462799072,18.83,121.25424980171869,0,0,0,0,0.0,0,0.0062335567
924,581949.4956661405,4510856.44322983,4.1815385818481445,18.83,105.52980573382604,0,0,0,1,0.5995022893772893,0,0.06315725
925,581949.4956661405,4510906.44322983,3.8746275901794434,18.83,89.05212484279558,0,0,0,0,0.0022344322344322346,0,0.02698475
926,581949.4956661405,4510956.44322983,4.020101070404053,18.83,87.72020961209259,0,0,0,0,0.05248443223443223,0,0.02698475
927,581949.4956661405,4511006.44322983,3.1534054279327397,18.83,67.36188063447668,0,0,0,0,0.44588736023024983,0,0.18476245
928,581949.4956661405,4511056.44322983,3.28041934967041,18.83,56.324517602282064,0,0,0,0,0.4245300349275366,0,0.31203136
929,581949.4956661405,4511106.44322983,3.0372836589813232,18.83,49.164254905179824,0,0,0,0,0.2587752913728357,0,0.1165181
930,581949.4956661405,4511156.44322983,2.989492416381836,18.83,69.53899632828006,0,0,0,0,0.12413778580095121,0,0.09946159
931,581949.4956661405,4511206.44322983,2.364431858062744,18.83,81.12872742340882,0,0,0,1,0.5091810862370759,1,0.5958312
932,581949.4956661405,4511256.44322983,2.997591018676758,18.83,62.539090600927565,0,0,0,0,0.1291377858009512,0,0.11338634
933,581949.4956661405,4511306.44322983,3.134932518005371,18.83,70.82779918711276,0,0,0,0,0.18223434476365122,0,0.1531642
934,581949.4956661405,4511356.44322983,4.068727970123291,18.83,102.5604265823929,0,0,0,0,0.08390109890109891,0,0.0658529
935,581949.4956661405,4511406.44322983,4.316421985626221,18.83,143.96313417071326,0,0,0,0,0.005,0,0.0062335567
936,581949.4956661405,4511456.44322983,3.8942391872406006,18.83,189.39490821297468,0,0,0,0,0.0022344322344322346,0,0.02698475
937,581949.4956661405,4511506.44322983,4.967298984527588,18.83,223.4549263713848,0,0,0,0,0.0,0,0.0062335567
938,581949.4956661405,4511556.44322983,4.709372520446777,18.83,225.9519820380989,0,0,0,0,0.0,0,0.0062335567
939,581949.4956661405,4511606.44322983,4.308707237243652,18.83,191.5438308083068,0,0,0,0,0.005,0,0.0062335567
940,581949.4956661405,4511656.44322983,3.672978401184082,18.83,148.4498570184432,0,0,0,0,0.0614618557572042,0,0.14889824
941,581949.4956661405,4511706.44322983,3.616463422775269,18.83,103.4020777720995,0,0,0,1,0.8113326529270285,0,0.24530767
942,581949.4956661405,4511756.44322983,3.133822441101074,18.83,63.72996334667264,0,0,0,0,0.18223434476365122,0,0.15224822
943,581949.4956661405,4511806.44322983,2.825159311294556,18.83,40.29254857204441,0,0,0,1,0.5645182911767865,0,0.2465851
944,581949.4956661405,4511856.44322983,3.139999866485596,18.83,33.73818722255092,0,0,0,0,0.1872343447636512,0,0.1531642
945,581949.4956661405,4511906.44322983,2.356574773788452,18.83,0.0,1,1,1,1,0.8245802973201104,1,0.62156546
946,581949.4956661405,4511956.44322983,2.145063638687134,18.83,0.0,1,1,1,1,0.9987291669689412,1,0.96966165
947,581949.4956661405,4512006.44322983,1.5869017839431765,18.83,0.0,1,1,1,1,1.0,1,0.97589475
948,581949.4956661405,4512056.44322983,1.8513121604919436,18.83,0.0,1,1,1,1,0.9999704142011834,1,0.99149346
949,581949.4956661405,4512106.44322983,1.8307132720947263,18.83,0.0,1,1,1,1,0.9999704142011834,1,0.99149346
950,581949.4956661405,4512156.44322983,1.5905141830444336,18.83,0.0,1,1,1,1,1.0,1,0.97589475
951,581949.4956661405,4512206.44322983,1.801282286643982,18.83,0.0,1,1,1,1,0.9999704142011834,1,0.99149346
952,581949.4956661405,4512256.44322983,1.531106948852539,18.83,0.0,1,1,1,1,0.9995119502922695,1,0.9517004
953,581949.4956661405,4512306.44322983,1.7751860618591309,18.83,0.0,1,1,1,1,0.9999704142011834,1,0.99096453
954,581949.4956661405,4512356.44322983,1.0516453981399536,18.83,0.0,1,1,1,1,0.9998333333333334,1,0.9875996
956,581999.4956661405,4509706.44322983,1.881171464920044,18.83,0.0,1,1,1,1,0.9999704142011834,1,0.99149346
957,581999.4956661405,4509756.44322983,1.374647617340088,18.83,0.0,1,1,1,1,0.9999731182795699,1,0.9926702
958,581999.4956661405,4509806.44322983,1.100367784500122,18.83,0.0,1,1,1,1,0.9998333333333334,1,0.9875996
959,581999.4956661405,4509856.44322983,2.730828285217285,18.83,0.0,1,1,1,1,0.6241761235610601,0,0.38813844
960,581999.4956661405,4509906.44322983,2.940000057220459,18.83,0.0,1,1,1,1,0.5139292165053553,0,0.26757428
961,581999.4956661405,4509956.44322983,2.9537341594696045,18.83,0.0,1,1,1,1,0.656343239767908,1,0.5375197
962,581999.4956661405,4510006.44322983,3.0256948471069336,18.83,0.0,1,1,1,0,0.49481596977098813,0,0.1165181
963,581999.4956661405,4510056.44322983,3.2268009185791016,18.83,7.809639827262581,0,0,0,0,0.18064858846173631,0,0.116955474
964,581999.4956661405,4510106.44322983,3.547380924224853,18.83,16.98581890261287,0,0,0,0,0.11219321597509149,0,0.1144524
965,581999.4956661405,4510156.44322983,4.036684989929199,18.83,34.7509681655799,0,0,0,0,0.39840705128205123,0,0.2069084
966,581999.4956661405,4510206.44322983,7.073437213897705,18.83,17.418582062038922,0,0,0,0,0.0,0,0.0037584694
967,581999.4956661405,4510256.44322983,6.104532241821289,18.83,41.49194373003394,0,0,0,0,0.0,0,0.0037584694
968,581999.4956661405,4510306.44322983,6.616147041320801,18.83,22.47506341846508,0,0,0,0,0.0,0,0.0037584694
969,581999.4956661405,4510356.44322983,6.82899284362793,18.83,55.590959236238426,0,0,0,0,0.0,0,0.0037584694
970,581999.4956661405,4510406.44322983,7.885143280029297,18.83,102.79952089841636,0,0,0,0,0.0,0,0.0037584694
971,581999.4956661405,4510456.44322983,8.436073303222656,18.83,116.48189077421296,0,0,0,0,0.0,0,0.0037584694
972,581999.4956661405,4510506.44322983,9.28161334991455,18.83,136.0512481477217,0,0,0,0,0.0,0,0.0037584694
973,581999.4956661405,4510556.44322983,10.273655891418455,18.83,167.53365588574223,0,0,0,0,0.0,0,0.0037584694
974,581999.4956661405,4510606.44322983,9.392602920532228,18.83,201.84058691151503,0,0,0,0,0.0,0,0.0037584694
975,581999.4956661405,4510656.44322983,9.365188598632812,18.83,192.49311850456135,0,0,0,0,0.0,0,0.0037584694
976,581999.4956661405,4510706.44322983,7.934711933135986,18.83,181.06449092401024,0,0,0,0,0.0,0,0.0037584694
977,581999.4956661405,4510756.44322983,7.857729434967041,18.83,170.06729666389495,0,0,0,0,0.0,0,0.0037584694
978,581999.4956661405,4510806.44322983,7.448816776275635,18.83,170.6581561027552,0,0,0,0,0.0,0,0.0037584694
979,581999.4956661405,4510856.44322983,7.003811836242676,18.83,150.90774998626603,0,0,0,0,0.0,0,0.0037584694
980,581999.4956661405,4510906.44322983,6.769730091094971,18.83,138.59686500530205,0,0,0,0,0.0,0,0.0037584694
981,581999.4956661405,4510956.44322983,4.803338050842285,18.83,131.2159094797386,0,0,0,0,0.0,0,0.0062335567
982,581999.4956661405,4511006.44322983,3.767637014389038,18.83,116.92078269575904,0,0,0,0,0.3080094567510087,0,0.070943855
983,581999.4956661405,4511056.44322983,3.7474324703216553,18.83,104.44276319672625,0,0,0,0,0.24273015272170473,0,0.070943855
984,581999.4956661405,4511106.44322983,4.163073539733887,18.83,98.8753220758209,0,0,0,0,0.18184752747252753,0,0.06315725
985,581999.4956661405,4511156.44322983,3.744086980819702,18.83,112.89012774649856,0,0,0,0,0.24273015272170473,0,0.070943855
986,581999.4956661405,4511206.44322983,3.717249393463135,18.83,124.8951452314038,0,0,0,0,0.18585192667919004,0,0.14889824
987,581999.4956661405,4511256.44322983,3.507354259490967,18.83,112.39772836967602,0,0,0,0,0.2737704582593943,0,0.19879568
988,581999.4956661405,4511306.44322983,4.0850510597229,18.83,117.66582172704722,0,0,0,0,0.028591575091575092,0,0.0798122
989,581999.4956661405,4511356.44322983,3.949652910232544,18.83,139.73351143518877,0,0,0,0,0.0022344322344322346,0,0.02698475
990,581999.4956661405,4511406.44322983,4.209854602813721,18.83,173.18314418434835,0,0,0,0,0.005,0,0.0062335567
991,581999.4956661405,4511456.44322983,4.449647426605225,18.83,212.60090387641625,0,0,0,0,0.0,0,0.0062335567
992,581999.4956661405,4511506.44322983,5.078056812286377,18.83,255.7457472345563,0,0,0,0,0.0,0,0.0062335567
993,581999.4956661405,4511556.44322983,5.101016521453857,18.83,259.9680911637813,0,0,0,0,0.0,0,0.0062335567
994,581999.4956661405,4511606.44322983,4.916131973266602,18.83,215.0303189369611,0,0,0,0,0.0,0,0.0062335567
995,581999.4956661405,4511656.44322983,4.317517757415772,18.83,172.89496146771398,0,0,0,0,0.005,0,0.0062335567
996,581999.4956661405,4511706.44322983,4.056884765625,18.83,134.4289369203979,0,0,0,0,0.20806181318681333,0,0.14302093
997,581999.4956661405,4511756.44322983,4.19074296951294,18.83,104.83914472129634,0,0,0,0,0.196875,0,0.0062335567
998,581999.4956661405,4511806.44322983,3.454014301300049,18.83,89.41614735852463,0,0,0,1,0.8631914945614357,0,0.49270874
999,581999.4956661405,4511856.44322983,2.855684280395508,18.83,53.26780484032197,0,0,0,0,0.19793223912983562,0,0.20149563
1000,581999.4956661405,4511906.44322983,2.6971921920776367,18.83,15.884082904567933,0,0,0,1,0.7138561167704652,0,0.34809735
1001,581999.4956661405,4511956.44322983,2.0033981800079346,18.83,0.0,1,1,1,1,0.9999704142011834,1,0.99149346
1002,581999.4956661405,4512006.44322983,1.727533221244812,18.83,0.0,1,1,1,1,1.0,1,0.98194844
1003,581999.4956661405,4512056.44322983,2.227496862411499,18.83,0.0,1,1,1,1,0.9541113543572014,1,0.94678116
1004,581999.4956661405,4512106.44322983,5.457794666290283,18.83,0.0,1,1,1,1,0.645,0,0.0062335567
1005,581999.4956661405,4512156.44322983,1.8118315935134888,18.83,0.0,1,1,1,1,0.9999704142011834,1,0.99149346
1006,581999.4956661405,4512206.44322983,2.9742019176483154,18.83,0.0,1,1,1,1,0.7238813769081545,1,0.5120237
1007,581999.4956661405,4512256.44322983,1.5424739122390747,18.83,3.043886672742449,0,0,0,0,0.36034820957207714,1,0.7480996
1008,581999.4956661405,4512306.44322983,1.841528415679932,18.83,0.0,1,1,1,1,0.9999704142011834,1,0.99149346
1009,581999.4956661405,4512356.44322983,1.3981133699417114,18.83,0.0,1,1,1,1,0.9999731182795699,1,0.99304754
1010,582049.4956661405,4509706.44322983,1.7769205570220947,18.83,0.0,1,1,1,1,0.9999704142011834,1,0.99096453
1011,582049.4956661405,4509756.44322983,1.0714075565338137,18.83,0.0,1,1,1,1,0.9998333333333334,1,0.9875996
1012,582049.4956661405,4509806.44322983,0.8518816232681274,18.83,0.0,1,1,1,1,0.9998333333333334,1,0.9875996
1013,582049.4956661405,4509856.44322983,1.9884130954742432,18.83,0.0,1,1,1,1,0.9999704142011834,1,0.99149346
1014,582049.4956661405,4509906.44322983,1.871315836906433,18.83,0.0,1,1,1,1,0.9999704142011834,1,0.99149346
1015,582049.4956661405,4509956.44322983,1.836907982826233,18.83,0.0,1,1,1,1,0.9999704142011834,1,0.99149346
1016,582049.4956661405,4510006.44322983,2.058688879013061,18.83,0.0,1,1,1,1,0.9842331095788491,1,0.8199779
1017,582049.4956661405,4510056.44322983,3.386536121368408,18.83,0.0,1,1,1,0,0.26835070331312133,0,0.2327592
1018,582049.4956661405,4510106.44322983,3.2560415267944336,18.83,0.0,1,1,1,0,0.36745712499433275,0,0.31203136
1019,582049.4956661405,4510156.44322983,2.5465896129608154,18.83,0.0,1,1,1,1,0.8821612048011477,1,0.63720137
1020,582049.4956661405,4510206.44322983,2.642810344696045,18.83,0.0,1,1,1,1,0.7250032447321091,0,0.47718018
1021,582049.4956661405,4510256.44322983,3.117650270462036,18.83,9.364207234644873,0,0,0,0,0.45289786352392575,0,0.27113864
1022,582049.4956661405,4510306.44322983,3.757061004638672,18.83,3.060884319608555,0,0,0,0,0.24273015272170473,0,0.070943855
1023,582049.4956661405,4510356.44322983,4.615625858306885,18.83,46.013502954128576,0,0,0,0,0.0,0,0.0062335567
1024,582049.4956661405,4510406.44322983,6.979676246643066,18.83,62.779673603371805,0,0,0,0,0.0,0,0.0037584694
1025,582049.4956661405,4510456.44322983,7.247318744659424,18.83,68.664808378745,0,0,0,0,0.0,0,0.0037584694
1026,582049.4956661405,4510506.44322983,9.768110275268556,18.83,96.82439452003524,0,0,0,0,0.0,0,0.0037584694
1027,582049.4956661405,4510556.44322983,10.355542182922363,18.83,136.6171123560387,0,0,0,0,0.0,0,0.0037584694
1028,582049.4956661405,4510606.44322983,10.446186065673828,18.83,169.1632995346787,0,0,0,0,0.0,0,0.0037584694
1029,582049.4956661405,4510656.44322983,10.777464866638184,18.83,180.59606517557413,0,0,0,0,0.0,0,0.0037584694
1030,582049.4956661405,4510706.44322983,10.573633193969728,18.83,198.21164687140387,0,0,0,0,0.0,0,0.0037584694
1031,582049.4956661405,4510756.44322983,10.140416145324709,18.83,219.81696517445093,0,0,0,0,0.0,0,0.0037584694
1032,582049.4956661405,4510806.44322983,9.549188613891602,18.83,217.23408027580996,0,0,0,0,0.0,0,0.0037584694
1033,582049.4956661405,4510856.44322983,8.340744018554688,18.83,198.42782149265224,0,0,0,0,0.0,0,0.0037584694
1034,582049.4956661405,4510906.44322983,7.382787227630615,18.83,188.23073126644505,0,0,0,0,0.0,0,0.0037584694
1035,582049.4956661405,4510956.44322983,7.198081016540527,18.83,177.3682231633242,0,0,0,0,0.0,0,0.0037584694
1036,582049.4956661405,4511006.44322983,6.504366397857666,18.83,165.92261245421656,0,0,0,0,0.0,0,0.0037584694
1037,582049.4956661405,4511056.44322983,6.107933044433594,18.83,152.7585159919163,0,0,0,0,0.0,0,0.0037584694
1038,582049.4956661405,4511106.44322983,6.236506938934326,18.83,148.78015550070222,0,0,0,0,0.0,0,0.0037584694
1039,582049.4956661405,4511156.44322983,5.6965813636779785,18.83,158.82732550848027,0,0,0,0,0.0,0,0.0037584694
1040,582049.4956661405,4511206.44322983,5.120148658752441,18.83,171.6321929300757,0,0,0,0,0.0,0,0.0062335567
1041,582049.4956661405,4511256.44322983,4.466142177581787,18.83,162.34334243243828,0,0,0,0,0.0,0,0.0062335567
1042,582049.4956661405,4511306.44322983,4.593364238739014,18.83,166.18347787434928,0,0,0,0,0.0,0,0.0062335567
1043,582049.4956661405,4511356.44322983,4.4904608726501465,18.83,182.63111093956397,0,0,0,0,0.0,0,0.0062335567
1044,582049.4956661405,4511406.44322983,4.865190029144287,18.83,209.84358769885267,0,0,0,0,0.0,0,0.0062335567
1045,582049.4956661405,4511456.44322983,5.333857536315918,18.83,243.85684685567304,0,0,0,0,0.0,0,0.0062335567
1046,582049.4956661405,4511506.44322983,5.569468021392822,18.83,282.2638918775896,0,0,0,0,0.0,0,0.0037584694
1047,582049.4956661405,4511556.44322983,5.598328113555908,18.83,283.6171998935646,0,0,0,0,0.0,0,0.0037584694
1048,582049.4956661405,4511606.44322983,5.003808498382568,18.83,242.83020669564632,0,0,0,0,0.0,0,0.0062335567
1049,582049.4956661405,4511656.44322983,4.817573547363281,18.83,205.13597913317983,0,0,0,0,0.0,0,0.0062335567
1050,582049.4956661405,4511706.44322983,4.07759952545166,18.83,173.44895063729876,0,0,0,0,0.028591575091575092,0,0.0658529
1051,582049.4956661405,4511756.44322983,4.025673866271973,18.83,151.1300254873951,0,0,0,0,0.05248443223443223,0,0.2069084
1052,582049.4956661405,4511806.44322983,3.5980021953582764,18.83,122.17871481777904,0,0,0,0,0.08833012073699628,0,0.24530767
1053,582049.4956661405,4511856.44322983,3.211267232894897,18.83,85.81005436188954,0,0,0,0,0.1796485884617363,0,0.116955474
1054,582049.4956661405,4511906.44322983,2.785351037979126,18.83,59.80949814070278,0,0,0,1,0.5692003820270745,0,0.4267993
1055,582049.4956661405,4511956.44322983,1.9115290641784668,18.83,31.72393901451882,0,0,0,1,0.9999704142011834,1,0.99149346
1056,582049.4956661405,4512006.44322983,2.8965864181518555,18.83,14.450869183556776,0,0,0,0,0.2078871644750887,0,0.17054245
1057,582049.4956661405,4512056.44322983,2.7361011505126958,18.83,0.0,1,1,1,0,0.49398564737058387,0,0.38813844
1058,582049.4956661405,4512106.44322983,2.028961181640625,18.83,0.0,1,1,1,1,0.9999704142011834,1,0.9896186
1059,582049.4956661405,4512156.44322983,1.6997690200805664,18.83,0.0,1,1,1,1,1.0,1,0.9812335
1060,582049.4956661405,4512206.44322983,2.302820205688477,18.83,0.0,1,1,1,1,0.7521606562298534,1,0.65002936
1061,582049.4956661405,4512256.44322983,2.313628673553467,18.83,0.0,1,1,1,1,0.9451504252915542,1,0.8209022
1064,582099.4956661405,4509706.44322983,-1.2599999904632568,18.83,0.0,1,1,1,1,0.9998333333333334,1,0.9875996
1065,582099.4956661405,4509756.44322983,1.6209444999694824,18.83,0.0,1,1,1,1,1.0,1,0.9783733
1066,582099.4956661405,4509806.44322983,1.6129193305969238,18.83,0.0,1,1,1,1,1.0,1,0.97589475
1067,582099.4956661405,4509856.44322983,1.2803999185562134,18.83,0.0,1,1,1,1,0.9999731182795699,1,0.9921591
1068,582099.4956661405,4509906.44322983,1.1058783531188965,18.83,0.0,1,1,1,1,0.9998333333333334,1,0.9875996
1070,582099.4956661405,4510006.44322983,3.4345688819885254,18.83,0.0,1,1,1,1,0.543881408718827,0,0.34002382
1071,582099.4956661405,4510056.44322983,3.178292989730835,18.83,0.0,1,1,1,0,0.28416851892434936,0,0.18476245
1072,582099.4956661405,4510106.44322983,3.779184341430664,18.83,0.0,1,1,1,1,0.5818248001998002,0,0.070943855
1073,582099.4956661405,4510156.44322983,3.5371956825256348,18.83,0.0,1,1,1,1,0.5859454458979623,0,0.1144524
1074,582099.4956661405,4510206.44322983,3.52044677734375,18.83,0.0,1,1,1,0,0.2559728392117752,0,0.19879568
1075,582099.4956661405,4510256.44322983,3.469846725463867,18.83,0.0,1,1,1,1,0.816184248184624,0,0.32041204
1076,582099.4956661405,4510306.44322983,3.038764953613281,18.83,0.0,1,1,1,0,0.3271384467359911,0,0.1322983
1077,582099.4956661405,4510356.44322983,4.406721591949463,18.83,20.296507552351198,0,0,0,0,0.0,0,0.0062335567
1078,582099.4956661405,4510406.44322983,5.239691257476807,18.83,13.466865037147498,0,0,0,0,0.0,0,0.0062335567
1079,582099.4956661405,4510456.44322983,6.143288612365723,18.83,26.12280409719768,0,0,0,0,0.0,0,0.0037584694
1080,582099.4956661405,4510506.44322983,8.456135749816895,18.83,70.5100908255807,0,0,0,0,0.0,0,0.0037584694
1081,582099.4956661405,4510556.44322983,9.68848991394043,18.83,103.89982912045042,0,0,0,0,0.0,0,0.0037584694
1082,582099.4956661405,4510606.44322983,11.669652938842772,18.83,124.12220796278746,0,0,0,0,0.0,0,0.0037584694
1083,582099.4956661405,4510656.44322983,12.478026390075684,18.83,132.7157652789007,0,0,0,0,0.0,0,0.0037584694
1084,582099.4956661405,4510706.44322983,12.428297996520996,18.83,154.8879232146532,0,0,0,0,0.0,0,0.0037584694
1085,582099.4956661405,4510756.44322983,11.339226722717283,18.83,182.4731183260376,0,0,0,0,0.0,0,0.0037584694
1086,582099.4956661405,4510806.44322983,11.355841636657717,18.83,213.42699502562596,0,0,0,0,0.0,0,0.0037584694
1087,582099.4956661405,4510856.44322983,9.947373390197754,18.83,246.45726508426117,0,0,0,0,0.0,0,0.0037584694
1088,582099.4956661405,4510906.44322983,10.40000820159912,18.83,237.99132931272217,0,0,0,0,0.0,0,0.0037584694
1089,582099.4956661405,4510956.44322983,9.262310981750488,18.83,224.93889736060956,0,0,0,0,0.0,0,0.0037584694
1090,582099.4956661405,4511006.44322983,8.836606979370117,18.83,214.34489550746028,0,0,0,0,0.0,0,0.0037584694
1091,582099.4956661405,4511056.44322983,7.090200901031494,18.83,201.76690511319572,0,0,0,0,0.0,0,0.0037584694
1092,582099.4956661405,4511106.44322983,6.619881629943848,18.83,198.73283580231265,0,0,0,0,0.0,0,0.0037584694
1093,582099.4956661405,4511156.44322983,6.569289684295654,18.83,206.65927928291228,0,0,0,0,0.0,0,0.0037584694
1094,582099.4956661405,4511206.44322983,6.329188823699951,18.83,219.5616524875835,0,0,0,0,0.0,0,0.0037584694
1095,582099.4956661405,4511256.44322983,6.08498477935791,18.83,212.31455984366303,0,0,0,0,0.0,0,0.0037584694
1096,582099.4956661405,4511306.44322983,5.944520473480225,18.83,215.2303331487824,0,0,0,0,0.0,0,0.0037584694
1097,582099.4956661405,4511356.44322983,5.968356609344482,18.83,228.43552952207452,0,0,0,0,0.0,0,0.0037584694
1098,582099.4956661405,4511406.44322983,5.955953598022461,18.83,250.7249484262333,0,0,0,0,0.0,0,0.0037584694
1099,582099.4956661405,4511456.44322983,5.985119819641113,18.83,280.25561257295834,0,0,0,0,0.0,0,0.0037584694
1100,582099.4956661405,4511506.44322983,6.472753524780273,18.83,299.82777988463897,0,0,0,0,0.0,0,0.0037584694
1101,582099.4956661405,4511556.44322983,6.485029697418213,18.83,277.5338019279212,0,0,0,0,0.0,0,0.0037584694
1102,582099.4956661405,4511606.44322983,5.485402584075928,18.83,258.8997778518617,0,0,0,0,0.03,0,0.0062335567
1103,582099.4956661405,4511656.44322983,5.745916843414307,18.83,243.26493929143857,0,0,0,0,0.0,0,0.0037584694
1104,582099.4956661405,4511706.44322983,5.465450763702393,18.83,216.6415860704216,0,0,0,0,0.085,0,0.0062335567
1105,582099.4956661405,4511756.44322983,4.887850284576416,18.83,192.19144560980197,0,0,0,0,0.0,0,0.0062335567
1106,582099.4956661405,4511806.44322983,3.865432024002075,18.83,156.25189956925854,0,0,0,0,0.0022344322344322346,0,0.02698475
1107,582099.4956661405,4511856.44322983,3.597810745239258,18.83,112.63118002225907,0,0,0,0,0.08833012073699628,0,0.24530767
1108,582099.4956661405,4511906.44322983,3.383354425430298,18.83,64.3502330731712,0,0,0,0,0.4780042927792107,0,0.47750416
1109,582099.4956661405,4511956.44322983,2.5641326904296875,18.83,18.898320142221337,0,0,0,0,0.03896083358055606,0,0.122851655
1110,582099.4956661405,4512006.44322983,2.827087163925171,18.83,0.0,1,1,1,1,0.5823222518360104,0,0.2465851
1111,582099.4956661405,4512056.44322983,1.8996838331222532,18.83,0.0,1,1,1,1,0.9999704142011834,1,0.99149346
1112,582099.4956661405,4512106.44322983,2.2011842727661133,18.83,0.0,1,1,1,1,0.99711542642099,1,0.810939
1113,582099.4956661405,4512156.44322983,1.903639554977417,18.83,0.0,1,1,1,1,0.9999704142011834,1,0.99149346
1114,582099.4956661405,4512206.44322983,0.2596838474273681,18.83,0.0,1,1,1,1,0.9998333333333334,1,0.9875996
1116,582149.4956661405,4509656.44322983,-1.2699999809265137,18.83,0.0,1,1,1,1,0.9998333333333334,1,0.9875996
1117,582149.4956661405,4509706.44322983,-1.2599999904632568,18.83,0.0,1,1,1,1,0.9998333333333334,1,0.9875996
1118,582149.4956661405,4509756.44322983,-0.5425137281417847,18.83,0.0,1,1,1,1,0.9998333333333334,1,0.9875996
1119,582149.4956661405,4509806.44322983,0.2583885788917541,18.83,0.0,1,1,1,1,0.9998333333333334,1,0.9875996
1120,582149.4956661405,4509856.44322983,1.0709182024002075,18.83,0.0,1,1,1,1,0.9998333333333334,1,0.9875996
1121,582149.4956661405,4509906.44322983,1.400974154472351,18.83,0.0,1,1,1,1,0.9999731182795699,1,0.99304754
1123,582149.4956661405,4510006.44322983,3.449703931808472,18.83,0.0,1,1,1,1,0.8436498278947689,0,0.49270874
1124,582149.4956661405,4510056.44322983,3.5328683853149414,18.83,0.0,1,1,1,1,0.5859454458979623,0,0.19879568
1127,582149.4956661405,4510206.44322983,4.066127300262451,18.83,0.0,1,1,1,0,0.43544871794871776,0,0.14302093
1128,582149.4956661405,4510256.44322983,4.035226821899414,18.83,0.0,1,1,1,1,0.5997225274725273,0,0.2069084
1129,582149.4956661405,4510306.44322983,3.852768898010254,18.83,0.0,1,1,1,0,0.0022344322344322346,0,0.02698475
1130,582149.4956661405,4510356.44322983,4.185125827789307,18.83,0.0,1,1,1,1,0.5995022893772893,0,0.06315725
1131,582149.4956661405,4510406.44322983,4.495486259460449,18.83,0.0,1,1,1,0,0.0,0,0.0062335567
1132,582149.4956661405,4510456.44322983,4.105327129364014,18.83,21.695456410841004,0,0,0,0,0.03359157509157509,0,0.0798122
1133,582149.4956661405,4510506.44322983,6.600651741027832,18.83,37.70532609350377,0,0,0,0,0.0,0,0.0037584694
1134,582149.4956661405,4510556.44322983,6.318178653717041,18.83,57.5173778261765,0,0,0,0,0.0,0,0.0037584694
1135,582149.4956661405,4510606.44322983,11.387578964233398,18.83,75.16148476776101,0,0,0,0,0.0,0,0.0037584694
1136,582149.4956661405,4510656.44322983,13.628908157348633,18.83,86.41714703174472,0,0,0,0,0.0,0,0.0037584694
1137,582149.4956661405,4510706.44322983,14.379193305969238,18.83,113.4494399998746,0,0,0,0,0.0,0,0.0037584694
1138,582149.4956661405,4510756.44322983,15.36373519897461,18.83,142.9115767519375,0,0,0,0,0.0,0,0.0037584694
1139,582149.4956661405,4510806.44322983,19.641565322875977,18.83,176.79983280584457,0,0,0,0,0.0,0,0.0037584694
1140,582149.4956661405,4510856.44322983,19.52166557312012,18.83,212.5206781986008,0,0,0,0,0.0,0,0.0037584694
1141,582149.4956661405,4510906.44322983,19.380001068115234,18.83,249.8210438076813,0,0,0,0,0.0,0,0.0037584694
1142,582149.4956661405,4510956.44322983,18.912805557250977,18.83,273.37799564613624,0,0,0,0,0.0,0,0.0037584694
1143,582149.4956661405,4511006.44322983,12.335939407348633,18.83,262.3415312503876,0,0,0,0,0.0,0,0.0037584694
1144,582149.4956661405,4511056.44322983,10.944465637207031,18.83,251.16648619961643,0,0,0,0,0.0,0,0.0037584694
1145,582149.4956661405,4511106.44322983,9.2831392288208,18.83,248.7045342997284,0,0,0,0,0.0,0,0.0037584694
1146,582149.4956661405,4511156.44322983,7.988405704498291,18.83,255.15064387584252,0,0,0,0,0.0,0,0.0037584694
1147,582149.4956661405,4511206.44322983,7.78995418548584,18.83,262.6728008374981,0,0,0,0,0.0,0,0.0037584694
1148,582149.4956661405,4511256.44322983,7.375093460083008,18.83,244.52812878138892,0,0,0,0,0.0,0,0.0037584694
1149,582149.4956661405,4511306.44322983,6.959918022155762,18.83,232.9361137898936,0,0,0,0,0.0,0,0.0037584694
1150,582149.4956661405,4511356.44322983,5.328475475311279,18.83,223.84156330034293,0,0,0,0,0.0,0,0.0062335567
1151,582149.4956661405,4511406.44322983,5.345094680786133,18.83,224.38653762512,0,0,0,0,0.0,0,0.0062335567
1152,582149.4956661405,4511456.44322983,5.614646434783936,18.83,235.56657504885385,0,0,0,0,0.0,0,0.0037584694
1153,582149.4956661405,4511506.44322983,6.144240379333496,18.83,255.77004993107505,0,0,0,0,0.0,0,0.0037584694
1154,582149.4956661405,4511556.44322983,5.860961437225342,18.83,231.9962657535346,0,0,0,0,0.0,0,0.0037584694
1155,582149.4956661405,4511606.44322983,5.792394638061523,18.83,213.320439462148,0,0,0,0,0.0,0,0.0037584694
1156,582149.4956661405,4511656.44322983,5.367793560028076,18.83,195.56439019041736,0,0,0,0,0.0,0,0.0062335567
1157,582149.4956661405,4511706.44322983,5.555198192596436,18.83,185.2031845710937,0,0,0,0,0.0,0,0.0037584694
1158,582149.4956661405,4511756.44322983,3.5821642875671387,18.83,170.15991773637492,0,0,0,0,0.033330120736996253,0,0.068143174
1159,582149.4956661405,4511806.44322983,4.077335834503174,18.83,140.67918703642314,0,0,0,0,0.028591575091575092,0,0.0658529
1160,582149.4956661405,4511856.44322983,3.703168630599976,18.83,93.46727569374266,0,0,0,0,0.18585192667919004,0,0.14889824
1161,582149.4956661405,4511906.44322983,3.063533067703247,18.83,50.7239651969718,0,0,0,0,0.2342372669517231,0,0.1400896
1162,582149.4956661405,4511956.44322983,2.667515516281128,18.83,4.302202125326487,0,0,0,1,0.728641098945153,0,0.34809735
1163,582149.4956661405,4512006.44322983,2.481252193450928,18.83,0.0,1,1,1,1,0.9178968830786168,1,0.7490553
1164,582149.4956661405,4512056.44322983,1.8643509149551392,18.83,0.0,1,1,1,1,0.9999704142011834,1,0.99149346
1167,582199.4956661405,4509656.44322983,-1.2599999904632568,18.83,0.0,1,1,1,1,0.9998333333333334,1,0.9875996
1170,582199.4956661405,4509806.44322983,-1.215196967124939,18.83,0.0,1,1,1,1,0.9998333333333334,1,0.9875996
1171,582199.4956661405,4509856.44322983,-0.5708334445953369,18.83,0.0,1,1,1,1,0.9998333333333334,1,0.9875996
1174,582199.4956661405,4510006.44322983,3.5982322692871094,18.83,0.0,1,1,1,1,0.5522602253546008,0,0.24530767
1175,582199.4956661405,4510056.44322983,3.152362108230591,18.83,0.0,1,1,1,1,0.592838388368778,0,0.1531642
1179,582199.4956661405,4510456.44322983,3.0277562141418457,18.83,0.0,1,1,1,0,0.3151304420700917,0,0.1165181
1180,582199.4956661405,4510506.44322983,2.7623708248138428,18.83,0.0,1,1,1,1,0.6412485650646942,0,0.4267993
1181,582199.4956661405,4510556.44322983,3.033533334732056,18.83,12.613901379885927,0,0,0,0,0.24971240980995416,0,0.1165181
1182,582199.4956661405,4510606.44322983,7.538450241088867,18.83,25.251492458825854,0,0,0,0,0.0,0,0.0037584694
1183,582199.4956661405,4510656.44322983,8.115832328796387,18.83,44.237847860727975,0,0,0,0,0.0,0,0.0037584694
1184,582199.4956661405,4510706.44322983,16.238067626953125,18.83,72.39615847824912,0,0,0,0,0.0,0,0.0037584694
1185,582199.4956661405,4510756.44322983,18.88252258300781,18.83,106.1122873830899,0,0,0,0,0.0,0,0.0037584694
1186,582199.4956661405,4510806.44322983,20.148561477661133,18.83,141.83349140042844,0,0,0,0,0.0,0,0.0037584694
1187,582199.4956661405,4510856.44322983,19.94245147705078,18.83,179.48872238398516,0,0,0,0,0.0,0,0.0037584694
1188,582199.4956661405,4510906.44322983,19.846946716308597,18.83,220.76307712474315,0,0,0,0,0.0,0,0.0037584694
1189,582199.4956661405,4510956.44322983,18.888118743896484,18.83,261.4234685007152,0,0,0,0,0.0,0,0.0037584694
1190,582199.4956661405,4511006.44322983,18.040491104125977,18.83,262.2466094371447,0,0,0,0,0.0,0,0.0037584694
1191,582199.4956661405,4511056.44322983,18.171802520751957,18.83,239.0259555785351,0,0,0,0,0.0,0,0.0037584694
1192,582199.4956661405,4511106.44322983,12.043954849243164,18.83,220.71605109852945,0,0,0,0,0.0,0,0.0037584694
1193,582199.4956661405,4511156.44322983,11.460041999816896,18.83,211.78690238714623,0,0,0,0,0.0,0,0.0037584694
1194,582199.4956661405,4511206.44322983,11.068266868591309,18.83,213.72041844736188,0,0,0,0,0.0,0,0.0037584694
1195,582199.4956661405,4511256.44322983,7.990694522857666,18.83,197.9871986670029,0,0,0,0,0.0,0,0.0037584694
1196,582199.4956661405,4511306.44322983,7.468777656555176,18.83,183.47795011449736,0,0,0,0,0.0,0,0.0037584694
1197,582199.4956661405,4511356.44322983,6.10834550857544,18.83,174.08315529643355,0,0,0,0,0.0,0,0.0037584694
1198,582199.4956661405,4511406.44322983,5.390460014343262,18.83,174.84797796216677,0,0,0,0,0.0,0,0.0062335567
1199,582199.4956661405,4511456.44322983,5.244775772094727,18.83,188.77578161877472,0,0,0,0,0.0,0,0.0062335567
1200,582199.4956661405,4511506.44322983,5.931768894195557,18.83,213.4549200353008,0,0,0,0,0.0,0,0.0037584694
1201,582199.4956661405,4511556.44322983,5.952575206756592,18.83,188.40046826195203,0,0,0,0,0.0,0,0.0037584694
1202,582199.4956661405,4511606.44322983,5.386948108673096,18.83,166.07930889710812,0,0,0,0,0.0,0,0.0062335567
1203,582199.4956661405,4511656.44322983,5.597927570343018,18.83,147.64701924315747,0,0,0,0,0.0,0,0.0037584694
1204,582199.4956661405,4511706.44322983,5.008823394775391,18.83,138.6129776610059,0,0,0,0,0.0,0,0.0062335567
1205,582199.4956661405,4511756.44322983,4.528131008148193,18.83,121.34918307177118,0,0,0,0,0.0,0,0.0062335567
1206,582199.4956661405,4511806.44322983,3.4847097396850586,18.83,116.789721688235,0,0,0,0,0.3402816197077651,0,0.32041204
1207,582199.4956661405,4511856.44322983,3.472214937210083,18.83,75.1598504219779,0,0,0,0,0.4487558260569714,0,0.32041204
1208,582199.4956661405,4511906.44322983,2.9285361766815186,18.83,33.61462380454946,0,0,0,0,0.3313063214779227,0,0.26757428
1209,582199.4956661405,4511956.44322983,2.266650915145874,18.83,0.0,1,1,1,1,0.9991113543572014,1,0.9384555
1210,582199.4956661405,4512006.44322983,2.246072292327881,18.83,0.0,1,1,1,1,0.9991113543572014,1,0.9482906
1211,582199.4956661405,4512056.44322983,-1.2000000476837158,18.83,0.0,1,1,1,1,0.9998333333333334,1,0.9875996
1212,582249.4956661405,4509656.44322983,-1.2599999904632568,18.83,0.0,1,1,1,1,0.9998333333333334,1,0.9875996
1216,582249.4956661405,4509956.44322983,3.1202309131622314,18.83,0.0,1,1,1,1,0.5404092202227824,0,0.27113864
1217,582249.4956661405,4510006.44322983,3.720086336135864,18.83,0.0,1,1,1,0,0.40674769658135385,0,0.14889824
1220,582249.4956661405,4510506.44322983,1.8092303276062007,18.83,0.0,1,1,1,1,0.9999704142011834,1,0.99149346
1221,582249.4956661405,4510556.44322983,2.974430799484253,18.83,0.0,1,1,1,1,0.7238813769081545,1,0.5120237
1222,582249.4956661405,4510606.44322983,2.940330982208252,18.83,0.0,1,1,1,1,0.5209292165053552,0,0.26757428
1223,582249.4956661405,4510656.44322983,3.149300575256348,18.83,2.2312229581140066,0,0,0,0,0.31670035446229533,0,0.1531642
1224,582249.4956661405,4510706.44322983,15.934602737426758,18.83,35.42474196033521,0,0,0,0,0.0,0,0.0037584694
1225,582249.4956661405,4510756.44322983,21.65375518798828,18.83,71.19192033673238,0,0,0,0,0.0,0,0.0037584694
1226,582249.4956661405,4510806.44322983,23.14215087890625,18.83,109.64419271858944,0,0,0,0,0.0,0,0.0037584694
1227,582249.4956661405,4510856.44322983,21.829952239990234,18.83,150.91049663040712,0,0,0,0,0.0,0,0.0037584694
1228,582249.4956661405,4510906.44322983,20.71279525756836,18.83,191.88256282045444,0,0,0,0,0.0,0,0.0037584694
1229,582249.4956661405,4510956.44322983,21.968652725219727,18.83,233.15548889900305,0,0,0,0,0.0,0,0.0037584694
1230,582249.4956661405,4511006.44322983,19.14302635192871,18.83,215.91004902699484,0,0,0,0,0.0,0,0.0037584694
1231,582249.4956661405,4511056.44322983,21.17220687866211,18.83,194.68994891191076,0,0,0,0,0.0,0,0.0037584694
1232,582249.4956661405,4511106.44322983,17.753137588500977,18.83,173.06677487456253,0,0,0,0,0.0,0,0.0037584694
1233,582249.4956661405,4511156.44322983,15.649036407470703,18.83,161.96720624806943,0,0,0,0,0.0,0,0.0037584694
1234,582249.4956661405,4511206.44322983,12.905659675598145,18.83,164.43222312610015,0,0,0,0,0.0,0,0.0037584694
1235,582249.4956661405,4511256.44322983,9.657190322875977,18.83,151.83095674808465,0,0,0,0,0.0,0,0.0037584694
1236,582249.4956661405,4511306.44322983,8.233067512512207,18.83,134.4212901623018,0,0,0,0,0.0,0,0.0037584694
1237,582249.4956661405,4511356.44322983,5.719410419464111,18.83,124.51845026012396,0,0,0,0,0.0,0,0.0037584694
1238,582249.4956661405,4511406.44322983,5.0951361656188965,18.83,125.67542531269709,0,0,0,0,0.0,0,0.0062335567
1239,582249.4956661405,4511456.44322983,5.136029243469238,18.83,144.15609654576306,0,0,0,0,0.0,0,0.0062335567
1240,582249.4956661405,4511506.44322983,4.948604106903076,18.83,165.54612420706343,0,0,0,0,0.0,0,0.0062335567
1241,582249.4956661405,4511556.44322983,4.42837381362915,18.83,147.97482835515694,0,0,0,0,0.0,0,0.0062335567
1242,582249.4956661405,4511606.44322983,3.1729519367218018,18.83,120.19455100647284,0,0,0,0,0.28416851892434936,0,0.18476245
1243,582249.4956661405,4511656.44322983,2.2969582080841064,18.83,101.53574319573262,0,0,0,0,0.4095817759597969,1,0.72381765
1244,582249.4956661405,4511706.44322983,4.016774654388428,18.83,88.64678744776245,0,0,0,0,0.02456776556776557,0,0.02698475
1245,582249.4956661405,4511756.44322983,3.4639453887939453,18.83,73.63578653230418,0,0,0,1,0.8596081612281025,0,0.49270874
1246,582249.4956661405,4511806.44322983,3.0003130435943604,18.83,67.05864399303793,0,0,0,0,0.14413778580095118,0,0.11338634
1247,582249.4956661405,4511856.44322983,3.0831003189086914,18.83,55.43175375997187,0,0,0,0,0.39531914327380974,0,0.294706
1248,582249.4956661405,4511906.44322983,2.745727300643921,18.83,6.430820647884016,0,0,0,0,0.22094411606990622,0,0.38813844
1249,582249.4956661405,4511956.44322983,2.6099777221679688,18.83,0.0,1,1,1,1,0.6216761888614051,0,0.47718018
1250,582249.4956661405,4512006.44322983,3.3267481327056885,18.83,0.0,1,1,1,1,0.7755312445959502,0,0.47750416
1253,582299.4956661405,4509956.44322983,3.4573261737823486,18.83,0.0,1,1,1,1,0.8631914945614357,0,0.49270874
1254,582299.4956661405,4510006.44322983,3.6192619800567623,18.83,0.0,1,1,1,1,0.8774437640381396,0,0.24530767
1257,582299.4956661405,4510556.44322983,2.710893154144287,18.83,0.0,1,1,1,1,0.7138561167704652,0,0.34809735
1258,582299.4956661405,4510606.44322983,2.9239509105682373,18.83,0.0,1,1,1,0,0.4434715451431464,0,0.27002326
1259,582299.4956661405,4510656.44322983,2.432185411453247,18.83,0.0,1,1,1,1,0.9730124253825018,1,0.903018
1260,582299.4956661405,4510706.44322983,2.936917781829834,18.83,0.5978963414644394,0,0,0,0,0.34429937703347824,0,0.26757428
1261,582299.4956661405,4510756.44322983,20.293493270874023,18.83,41.16681561172373,0,0,0,0,0.0,0,0.0037584694
1262,582299.4956661405,4510806.44322983,24.488147735595703,18.83,81.16686129767275,0,0,0,0,0.0,0,0.0037584694
1263,582299.4956661405,4510856.44322983,27.041778564453125,18.83,122.34165714019367,0,0,0,0,0.0,0,0.0037584694
1264,582299.4956661405,4510906.44322983,26.164146423339844,18.83,163.74092353850946,0,0,0,0,0.0,0,0.0037584694
1265,582299.4956661405,4510956.44322983,25.654491424560547,18.83,195.80512767177916,0,0,0,0,0.0,0,0.0037584694
1266,582299.4956661405,4511006.44322983,26.52558135986328,18.83,171.47991879568357,0,0,0,0,0.0,0,0.0037584694
1267,582299.4956661405,4511056.44322983,24.79209518432617,18.83,151.24732533038738,0,0,0,0,0.0,0,0.0037584694
1268,582299.4956661405,4511106.44322983,21.80854034423828,18.83,127.23032482995625,0,0,0,0,0.0,0,0.0037584694
1269,582299.4956661405,4511156.44322983,16.873502731323242,18.83,112.30787940686402,0,0,0,0,0.0,0,0.0037584694
1270,582299.4956661405,4511206.44322983,12.037227630615234,18.83,115.7561866297768,0,0,0,0,0.0,0,0.0037584694
1271,582299.4956661405,4511256.44322983,9.830299377441406,18.83,104.9136611268268,0,0,0,0,0.0,0,0.0037584694
1272,582299.4956661405,4511306.44322983,8.576996803283691,18.83,86.452347102768,0,0,0,0,0.0,0,0.0037584694
1273,582299.4956661405,4511356.44322983,4.661717414855957,18.83,75.52975541072357,0,0,0,0,0.0,0,0.0062335567
1274,582299.4956661405,4511406.44322983,4.163714408874512,18.83,77.45293703498966,0,0,0,0,0.18184752747252753,0,0.06315725
1275,582299.4956661405,4511456.44322983,4.853682041168213,18.83,104.52590404700358,0,0,0,0,0.0,0,0.0062335567
1276,582299.4956661405,4511506.44322983,3.939281702041626,18.83,116.20760641623208,0,0,0,0,0.0022344322344322346,0,0.02698475
1277,582299.4956661405,4511556.44322983,3.92142391204834,18.83,104.63536455514874,0,0,0,0,0.0022344322344322346,0,0.02698475
1278,582299.4956661405,4511606.44322983,3.259397506713867,18.83,77.59460197432867,0,0,0,0,0.3354987916609993,0,0.31203136
1279,582299.4956661405,4511656.44322983,3.578660011291504,18.83,55.73444982318884,0,0,0,0,0.033330120736996253,0,0.068143174
1280,582299.4956661405,4511706.44322983,3.544573783874512,18.83,38.74744980688273,0,0,0,0,0.12076464454652003,0,0.1144524
1281,582299.4956661405,4511756.44322983,2.463925838470459,18.83,30.78855827597354,0,0,0,0,0.3173898864203044,0,0.46308076
1282,582299.4956661405,4511806.44322983,2.13760757446289,18.83,18.811814807578145,0,0,0,1,0.9987291669689412,1,0.96966165
1283,582299.4956661405,4511856.44322983,2.614433765411377,18.83,22.254691946082232,0,0,0,1,0.6216761888614051,0,0.47718018
1284,582299.4956661405,4511906.44322983,2.4146153926849365,18.83,0.0,1,1,1,1,0.9886790920491686,1,0.903018
1285,582299.4956661405,4511956.44322983,3.1052613258361816,18.83,0.0,1,1,1,1,0.5213640479243206,0,0.27113864
1286,582299.4956661405,4512006.44322983,2.813115119934082,18.83,0.0,1,1,1,1,0.7940602577994502,1,0.6508285
1292,582349.4956661405,4510706.44322983,2.217550754547119,18.83,0.0,1,1,1,1,0.99711542642099,1,0.9047148
1293,582349.4956661405,4510756.44322983,6.474660873413086,18.83,11.62595561741198,0,0,0,0,0.0,0,0.0037584694
1294,582349.4956661405,4510806.44322983,20.82151985168457,18.83,52.8807872170971,0,0,0,0,0.0,0,0.0037584694
1295,582349.4956661405,4510856.44322983,28.125268936157227,18.83,94.92083757474263,0,0,0,0,0.0,0,0.0037584694
1296,582349.4956661405,4510906.44322983,28.885299682617188,18.83,136.55539357566747,0,0,0,0,0.0,0,0.0037584694
1297,582349.4956661405,4510956.44322983,28.10106468200684,18.83,152.44159789615676,0,0,0,0,0.0,0,0.0037584694
1298,582349.4956661405,4511006.44322983,27.36773681640625,18.83,127.47358057027564,0,0,0,0,0.0,0,0.0037584694
1299,582349.4956661405,4511056.44322983,25.558319091796875,18.83,104.26579176413772,0,0,0,0,0.0,0,0.0037584694
1300,582349.4956661405,4511106.44322983,22.685646057128903,18.83,82.93220126643487,0,0,0,0,0.0,0,0.0037584694
1301,582349.4956661405,4511156.44322983,14.700994491577148,18.83,63.14794639417867,0,0,0,0,0.0,0,0.0037584694
1302,582349.4956661405,4511206.44322983,10.722681999206545,18.83,69.00024263684767,0,0,0,0,0.0,0,0.0037584694
1303,582349.4956661405,4511256.44322983,8.996721267700195,18.83,62.27334305063656,0,0,0,0,0.0,0,0.0037584694
1304,582349.4956661405,4511306.44322983,4.764721393585205,18.83,42.3313295326716,0,0,0,0,0.0,0,0.0062335567
1305,582349.4956661405,4511356.44322983,4.2292094230651855,18.83,29.41955869040041,0,0,0,0,0.005,0,0.0062335567
1306,582349.4956661405,4511406.44322983,3.446134328842163,18.83,33.81777492500227,0,0,0,1,0.5422006266872382,0,0.49270874
1307,582349.4956661405,4511456.44322983,4.202342987060547,18.83,75.81146142845243,0,0,0,0,0.026666666666666665,0,0.0062335567
1308,582349.4956661405,4511506.44322983,3.838186264038086,18.83,67.84333624842948,0,0,0,0,0.0022344322344322346,0,0.02698475
1309,582349.4956661405,4511556.44322983,3.07081937789917,18.83,56.055057593412,0,0,0,0,0.3198505989394732,0,0.1400896
1310,582349.4956661405,4511606.44322983,3.4027717113494877,18.83,39.659071894600025,0,0,0,0,0.20906534977776783,0,0.2327592
1311,582349.4956661405,4511656.44322983,3.803787231445313,18.83,8.412077988033616,0,0,0,0,0.017234432234432235,0,0.02698475
1312,582349.4956661405,4511706.44322983,3.3613502979278564,18.83,0.0,1,1,1,1,0.6646533855007671,0,0.47750416
1313,582349.4956661405,4511756.44322983,2.951539993286133,18.83,0.0,1,1,1,1,0.6044829975591361,1,0.5375197
1314,582349.4956661405,4511806.44322983,2.9563136100769043,18.83,0.0,1,1,1,1,0.6730099064345747,1,0.5375197
1315,582349.4956661405,4511856.44322983,3.079871416091919,18.83,0.0,1,1,1,0,0.45697305452213594,0,0.294706
1316,582349.4956661405,4511906.44322983,2.082125425338745,18.83,0.0,1,1,1,1,0.9937291669689412,1,0.9251266
1317,582349.4956661405,4511956.44322983,2.0858654975891118,18.83,0.0,1,1,1,1,0.9987291669689412,1,0.9251266
1318,582349.4956661405,4512006.44322983,2.1256625652313232,18.83,0.0,1,1,1,1,0.9987291669689412,1,0.96966165
1319,582399.4956661405,4510706.44322983,0.9525176286697388,18.83,0.0,1,1,1,1,0.9998333333333334,1,0.9875996
1320,582399.4956661405,4510756.44322983,2.2860655784606934,18.83,0.0,1,1,1,1,0.9742780210238681,1,0.72381765
1321,582399.4956661405,4510806.44322983,18.75420188903809,18.83,25.74611465452853,0,0,0,0,0.0,0,0.0037584694
1322,582399.4956661405,4510856.44322983,29.219087600708008,18.83,67.09027072909008,0,0,0,0,0.0,0,0.0037584694
1323,582399.4956661405,4510906.44322983,30.108179092407227,18.83,101.09400334489509,0,0,0,0,0.0,0,0.0037584694
1324,582399.4956661405,4510956.44322983,28.70835876464844,18.83,110.55687810577714,0,0,0,0,0.0,0,0.0037584694
1325,582399.4956661405,4511006.44322983,26.391542434692383,18.83,84.23120196972984,0,0,0,0,0.0,0,0.0037584694
1326,582399.4956661405,4511056.44322983,22.707225799560547,18.83,59.76721573698241,0,0,0,0,0.0,0,0.0037584694
1327,582399.4956661405,4511106.44322983,18.04652214050293,18.83,41.00999863050356,0,0,0,0,0.0,0,0.0037584694
1328,582399.4956661405,4511156.44322983,3.215894222259521,18.83,15.434870659087686,0,0,0,0,0.18064858846173631,0,0.116955474
1329,582399.4956661405,4511206.44322983,3.1347572803497314,18.83,24.13575619272752,0,0,0,0,0.18223434476365122,0,0.1531642
1330,582399.4956661405,4511256.44322983,3.0532634258270264,18.83,16.532064371497984,0,0,0,0,0.16342435731234276,0,0.1400896
1331,582399.4956661405,4511306.44322983,3.635965585708618,18.83,0.0,1,1,1,1,0.6627480357468231,0,0.16863799
1332,582399.4956661405,4511356.44322983,3.384342908859253,18.83,0.0,1,1,1,0,0.4780042927792107,0,0.2327592
1333,582399.4956661405,4511406.44322983,2.8531501293182373,18.83,5.8783746953734095,0,0,0,0,0.19793223912983562,0,0.2465851
1334,582399.4956661405,4511456.44322983,3.121946334838867,18.83,32.407765831569264,0,0,0,0,0.27121096536527195,0,0.15224822
1335,582399.4956661405,4511506.44322983,2.76789665222168,18.83,23.78195826819907,0,0,0,1,0.6524985650646942,0,0.4267993
1336,582399.4956661405,4511556.44322983,3.003389596939087,18.83,8.562796257986866,0,0,0,0,0.2239088458491584,0,0.11338634
1337,582399.4956661405,4511606.44322983,3.228973388671875,18.83,0.0,1,1,1,0,0.18064858846173631,0,0.116955474
1338,582399.4956661405,4511656.44322983,4.038337707519531,18.83,0.0,1,1,1,1,0.5294070512820511,0,0.2069084
1339,582399.4956661405,4511706.44322983,3.4200000762939453,18.83,0.0,1,1,1,0,0.36522795106536926,0,0.34002382
1340,582399.4956661405,4511756.44322983,3.3260390758514404,18.83,0.0,1,1,1,1,0.7755312445959502,0,0.47750416
1341,582399.4956661405,4511806.44322983,3.069999933242798,18.83,0.0,1,1,1,0,0.3917099106803637,0,0.1400896
1342,582399.4956661405,4511856.44322983,3.15868878364563,18.83,0.0,1,1,1,1,0.5004151380080276,0,0.18476245
1343,582399.4956661405,4511906.44322983,2.785551786422729,18.83,0.0,1,1,1,1,0.5692003820270745,0,0.4267993
1344,582399.4956661405,4511956.44322983,1.4098321199417114,18.83,0.0,1,1,1,1,0.9999731182795699,1,0.99304754
1345,582399.4956661405,4512006.44322983,1.593752145767212,18.83,0.0,1,1,1,1,1.0,1,0.97589475
1349,582449.4956661405,4510806.44322983,2.320148706436157,18.83,0.0,1,1,1,1,0.9697337586248876,1,0.8209022
1350,582449.4956661405,4510856.44322983,16.298622131347656,18.83,38.30080413705257,0,0,0,0,0.0,0,0.0037584694
1351,582449.4956661405,4510906.44322983,24.407827377319336,18.83,51.82919766550185,0,0,0,0,0.0,0,0.0037584694
1352,582449.4956661405,4510956.44322983,23.94978904724121,18.83,61.33538457908279,0,0,0,0,0.0,0,0.0037584694
1353,582449.4956661405,4511006.44322983,21.813308715820312,18.83,41.01204562869456,0,0,0,0,0.0,0,0.0037584694
1354,582449.4956661405,4511056.44322983,3.810173511505127,18.83,15.854937285542787,0,0,0,0,0.0022344322344322346,0,0.02698475
1355,582449.4956661405,4511106.44322983,2.511298894882202,18.83,0.0,1,1,1,1,0.8737472612178494,1,0.7251321
1356,582449.4956661405,4511156.44322983,2.555856704711914,18.83,0.0,1,1,1,1,0.8218278714678143,1,0.63720137
1357,582449.4956661405,4511206.44322983,2.262563705444336,18.83,0.0,1,1,1,1,0.9991113543572014,1,0.9384555
1359,582449.4956661405,4511306.44322983,2.548074960708618,18.83,0.0,1,1,1,1,0.8821612048011477,1,0.63720137
1360,582449.4956661405,4511356.44322983,2.3814637660980225,18.83,0.0,1,1,1,1,0.788914258929072,1,0.68862534
1363,582449.4956661405,4511506.44322983,1.5137816667556765,18.83,0.0,1,1,1,1,0.9995119502922695,1,0.95705813
1364,582449.4956661405,4511556.44322983,-1.2100000381469729,18.83,0.0,1,1,1,1,0.9998333333333334,1,0.9875996
1366,582449.4956661405,4511656.44322983,0.3556190729141235,18.83,0.0,1,1,1,1,0.9998333333333334,1,0.9875996
1367,582449.4956661405,4511706.44322983,3.095818519592285,18.83,0.0,1,1,1,1,0.5065392963515041,0,0.294706
1369,582449.4956661405,4511806.44322983,2.8884010314941406,18.83,0.0,1,1,1,0,0.35756227331134044,0,0.20149563
1370,582449.4956661405,4511856.44322983,2.902766704559326,18.83,0.0,1,1,1,0,0.3810117563687023,0,0.27002326
1373,582449.4956661405,4512006.44322983,-1.2000000476837158,18.83,0.0,1,1,1,1,0.9998333333333334,1,0.9875996
1374,582449.4956661405,4512056.44322983,0.1299604028463363,18.83,0.0,1,1,1,1,0.9998333333333334,1,0.9875996
1378,582499.4956661405,4510906.44322983,2.1988179683685303,18.83,2.684159264452618,0,0,0,1,0.99711542642099,1,0.810939
1379,582499.4956661405,4510956.44322983,2.1869709491729736,18.83,11.919895307894237,0,0,0,0,0.3884478279376022,1,0.810939
1380,582499.4956661405,4511006.44322983,2.5439281463623047,18.83,2.495038518732816,0,0,0,1,0.8821612048011477,1,0.63720137
1381,582499.4956661405,4511056.44322983,2.2362289428710938,18.83,0.0,1,1,1,1,0.9991113543572014,1,0.9482906
1382,582499.4956661405,4511106.44322983,1.513960599899292,18.83,0.0,1,1,1,1,0.9995119502922695,1,0.95705813
1385,582499.4956661405,4511306.44322983,2.091156244277954,18.83,0.0,1,1,1,1,0.9987291669689412,1,0.9251266
1386,582499.4956661405,4511356.44322983,1.1184815168380735,18.83,0.0,1,1,1,1,0.9998333333333334,1,0.9875996
1394,582499.4956661405,4511856.44322983,-1.2000000476837158,18.83,0.0,1,1,1,1,0.9998333333333334,1,0.9875996
1403,582549.4956661405,4511656.44322983,-1.2011396884918213,18.83,0.0,1,1,1,1,0.9998333333333334,1,0.9875996
1404,582549.4956661405,4511756.44322983,-1.2000000476837158,18.83,0.0,1,1,1,1,0.9998333333333334,1,0.9875996
1405,582549.4956661405,4511856.44322983,-1.2000000476837158,18.83,0.0,1,1,1,1,0.9998333333333334,1,0.9875996
1406,582549.4956661405,4511956.44322983,-1.2000000476837158,18.83,0.0,1,1,1,1,0.9998333333333334,1,0.9875996
1417,582599.4956661405,4511956.44322983,-1.2000000476837158,18.83,0.0,1,1,1,1,0.9998333333333334,1,0.9875996
